sample_id,spore_concentration[ng/ul]
481,0.000129045
482,4.29017E-05
483,0.000372781
484,0.022309743
485,0.007442039
486,1.80547E-05
487,3.83892E-05
488,9.29954E-06
489,0.001961139
490,0.000714057
491,0.000192658
492,9.75766E-05
493,0.001909008
494,0.000873953
495,0.000761241
496,0.018351208
497,0.000366557
498,0.000362872
499,0.006704275
500,0.017683825
501,0.007075436
502,0.002282048
503,0.004505748
504,0.000250535
505,0.000388155
506,0.006039649
507,0.00736723
508,0.00046557
509,0.000876901
510,0.000711657
511,0.005404387
512,0.000756131
513,0.001016961
514,0.00012948
515,0.00257619
516,0.000595324
517,0.001883465
518,0.049061335
519,0.000294492
520,0.000817027
521,0.000676902
522,0.016228998
523,0.004023241
524,0.000442961
525,0.023754641
526,0.000839547
527,0.000479618
528,0.000301627
529,0.000361911
530,0.001105253
531,0.000399728
532,0.000583152
533,0.000798847
534,0.008450007
535,0.007136423
536,0.001097954
537,0.018900549
538,0.001357265
539,0.001993242
540,0.000226099
541,0.000149436
542,0.000106234
543,0.000355965
544,1.92249E-05
545,0.001270251
546,0.000351279
547,0.000457881
548,0.006881043
549,0.000747633
550,0.005529635
551,0.000612863
552,0.000347805
553,0.000128313
554,0.066558136
555,0.000151429
556,0.000414563
557,0.000289871
558,0.002186982
559,0.000290833
560,0.001326152
561,NA
562,NA
563,NA
564,0.000168211
565,0.486953484
566,0.545917595
567,0.045980685
568,0.002418941
569,0.000423986
570,0.002017372
571,NA
572,0.0003885
NA,NA
NA,2.49166E-06
NA,NA
NA,NA
577,0.01194318
578,0.046290877
579,0.002072363
580,0.017171125
581,0.004550962
582,0.00126855
583,0.002739334
584,0.004597092
585,0.001495709
586,0.002107491
587,NA
588,0.000924844
589,0.009188421
590,0.000573786
591,0.003208222
592,0.000844596
593,0.004966643
594,0.030408628
595,0.032632969
596,0.010027682
597,0.001546845
598,0.079001186
599,0.001643337
600,0.000287073
601,0.001381597
602,0.001070971
603,0.000425093
604,0.000874705
605,0.001092158
606,0.000608785
607,0.001077987
608,0.002742593
609,0.00123643
610,0.000575914
611,0.000967876
612,0.000698264
613,0.001600264
614,0.000579687
615,0.001248601
616,0.001436804
617,0.014737744
618,0.000490767
619,0.000604822
620,0.00043492
621,0.010358267
622,0.002689388
623,0.000367007
624,0.000312746
625,0.00170825
626,0.001494216
627,0.000334942
628,0.000675833
629,0.000462756
630,0.000579687
631,0.013582541
632,7.83358E-05
633,0.000245618
634,0.000520475
635,0.006409751
636,0.004374569
637,0.015326641
638,0.123466328
639,4.75342E-05
640,0.000306679
641,0.000130937
642,0.000347589
643,0.000272997
644,0.000404235
645,0.000295888
646,0.000108146
647,0.016636158
648,0.000119999
649,0.000751951
650,0.001139894
651,0.001693547
652,0.032983193
653,0.001654237
654,0.000664168
655,0.000392211
656,3.17822E-05
657,4.38593E-05
658,0.015195413
659,0.00162127
660,0.00612139
661,0.000310117
662,0.00016394
663,0.000604617
664,NA
665,0.0006664
666,1.31958E-05
667,0.000679951
668,0.000970344
669,0.000272083
670,7.81044E-05
671,7.78428E-05
672,0.000104228
673,0.000406956
674,4.04662E-05
675,0.000242751
676,0.0132871
677,0.007664306
678,0.031469794
679,0.003225166
680,0.002050451
681,0.000474729
682,0.0039859
683,0.001073132
684,0.00026264
685,0.00420125
686,0.000457863
687,0.001080214
688,0.000213491
689,0.001090924
690,0.00158714
691,0.001232083
692,0.000447443
693,0.000650966
694,0.00036491
695,0.001315845
696,0.000207265
697,0.001457071
698,0.006549268
699,0.00025498
700,0.04103537
701,0.000537923
702,0.000636152
703,0.00100152
704,1.78845E-05
705,0.002498702
706,0.000300552
707,0.00245795
708,0.04773732
709,0.001090924
710,0.000536157
711,0.010481732
712,0.000985187
713,0.001359839
714,0.00132018
715,0.000822176
716,0.002703911
717,0.088878763
718,NA
719,0.013591428
720,3.04687E-05
721,0.039717742
722,0.000757984
723,0.001633317
724,0.014870724
725,0.002757556
726,0.002239277
727,0.001172113
728,0.001187464
729,0.001226727
730,0.004670795
731,0.001654709
732,0.001292266
733,0.024943672
734,0.001836241
735,0.002011347
736,0.001168306
737,0.000999411
738,0.00061153
739,0.006178569
740,0.031220552
741,0.03532851
742,0.005183213
743,0.000434589
744,1.51396E-05
745,0.008779415
746,0.090745414
747,0.003855123
748,0.000246751
749,0.00186029
750,0.003090087
751,0.002617702
752,0.001743113
753,0.002634788
754,4.37192E-05
755,0.202663493
756,0.00197247
757,0.113580788
758,0.000150985
759,0.003880286
760,0.003671528
761,4.22363E-05
762,0.000846044
763,0.000731199
764,0.002763453
765,0.01967422
766,0.016394597
767,5.34468E-05
768,1.47647E-05
769,0.001557192
770,0.001471849
771,0.002577587
772,0.001615034
773,0.002655662
774,0.005453059
775,0.021588173
776,6.22528E-05
777,0.003940269
778,0.048159475
779,0.001372854
780,0.000953303
781,0.004309276
782,0.114421194
783,0.001128932
784,5.10226E-05
785,0.000568329
786,0.003520204
787,0.002754306
788,0.000664167
789,0.000144512
790,0.000390739
791,0.001242872
792,7.32346E-05
793,0.435314271
794,0.00287562
795,0.002404222
796,0.006877587
797,0.001011929
798,0.001222437
799,0.001182571
800,0.000564573
801,0.002120892
802,0.006200325
803,0.036350721
804,0.000835954
805,0.001787998
806,0.004078808
807,0.001770801
808,0.002598131
809,0.00536359
810,0.002211601
811,0.013261691
812,0.002691851
813,0.003528372
814,0.001725747
815,0.010348306
816,0.002540197
817,0.001287242
818,1.83766E-05
819,0.001320848
820,0.001030679
821,0.009640273
822,0.001950484
823,0.003013138
824,0.001095736
825,0.001034004
826,0.004253254
827,0.432922986
828,0.001709149
829,0.00759551
830,0.00169271
831,0.002908232
832,0.020552975
833,0.000841358
834,0.001473743
835,0.004916774
836,0.001937957
837,0.002581445
838,4.04614E-05
839,0.004669763
840,7.75014E-06
841,0.002408134
842,0.079023766
843,0.001358614
844,0.002193883
845,0.007744025
846,0.004748032
847,0.015473219
848,0.000738948
849,5.66074E-05
850,0.002911123
851,0.002136247
852,0.001390634
853,0.00192045
854,0.007465671
855,0.001003639
856,6.38121E-05
857,NA
858,1.3266E-05
859,1.86276E-05
860,1.83813E-05
861,0.002032228
862,0.002625775
863,2.63308E-05
864,1.07212E-05
865,0.003850014
866,0.003358974
867,0.004340019
868,0.000766499
869,0.182187177
870,0.01010619
871,0.002298514
872,0.000902255
873,0.008472054
874,0.002052619
875,0.378856597
876,0.001761272
877,0.010207591
878,0.005682738
879,0.0040741
880,0.001201217
881,0.001840765
882,0.042120125
883,0.015597068
884,0.066947584
885,0.262624984
886,0.003055379
887,0.00084939
888,0.127823172
889,0.001816381
890,0.006112361
891,0.000964103
892,0.000929389
893,0.014065687
894,0.000355819
895,1.67336E-05
896,0.023346818
897,0.006688055
898,0.000213656
899,0.000889972
900,0.002718891
901,0.000695406
902,0.000996785
903,0.002014137
904,0.001336622
905,0.016840018
906,0.000704741
907,0.003744392
908,0.000644079
909,0.003244334
910,0.040333708
911,0.000594554
912,0.001638042
913,0.005892277
914,0.001739344
915,0.001267196
916,0.031411059
917,0.050427944
918,0.00151209
919,0.005208519
920,0.004573511
921,0.000200736
922,0.000791573
923,0.000672287
924,0.001254676
925,0.003476757
926,0.190780453
927,0.001956494
928,9.77919E-06
929,0.000950473
930,0.003288941
931,0.112016333
932,0.002952827
933,4.75299E-05
934,0.000232524
935,0.004257312
936,0.001283697
937,NA
938,0.000406509
939,0.000292267
940,0.2159959
941,0.005386217
942,7.60788E-05
943,0.003639457
944,0.000305944
945,0.00129634
946,0.000950473
947,0.067511638
948,0.001918519
949,0.013011883
950,0.006218818
951,2.96941E-05
952,0.006573947
953,0.001072587
954,0.000536615
955,0.000280115
956,0.001001473
957,0.000899128
958,0.015933135
959,3.43964E-05
960,NA
961,0.00293397
962,0.002868102
963,0.003840417
964,0.005277543
965,0.005294689
966,0.00350699
967,0.052797648
968,0.002610611
969,0.001009231
970,0.038922077
971,0.001508935
972,0.00046184
973,0.001869154
974,0.020677494
975,0.001042504
976,0.000986574
977,0.000860922
978,0.001513837
979,0.003742042
980,0.000681612
981,0.006453149
982,0.00990196
983,0.000986574
984,0.000420377
985,0.009493098
986,0.00065772
987,0.46242397
988,0.019504785
989,0.0016153
990,0.000425867
991,0.001513837
992,0.196399954
993,0.000282994
994,0.000438483
995,0.115375406
996,0.00135137
997,0.027330452
998,0.001226064
999,0.001631096
1000,0.000809466
1001,0.017431772
1002,0.031909502
1003,0.000496784
1004,0.001301854
1005,0.008421349
1006,0.002031839
1007,0.003129287
1008,0.173090882
1009,0.004068383
1010,6.39732E-05
1011,0.007958938
1012,0.0009401
1013,0.019067576
1014,0.001095317
1015,0.000747524
1016,0.000780514
1017,0.193145493
1018,0.000290996
1019,1.581751948
1020,0.175406283
1021,0.004333451
1022,0.000685668
1023,0.001276162
1024,0.002860826
1025,0.001178366
1026,0.001206089
1027,0.176575573
1028,0.001779016
1029,0.001790875
1030,0.056315559
1031,0.002045384
1032,0.000396334
1033,0.013408035
1034,0.005728276
1035,0.002079642
1036,0.000213655
1037,0.001738124
1038,0.000345867
1039,0.002375189
1040,0.001506756
1041,0.215276557
1042,0.350944195
1043,0.082232709
1044,0.32634275
1045,0.165675069
1046,0.0490102
1047,0.161574563
1048,0.124971287
1049,0.534677766
1050,0.123879882
1051,0.309611591
1052,0.091131747
1053,0.127822114
1054,0.347008558
1055,0.172021771
1056,0.660789852
1729,0.249582049
1730,0.148377076
1730,0.196950884
1730,0.138148739
1730,0.424578264
1730,0.239772114
1730,0.225775423
1730,0.220187415
1730,0.074202664
1730,0.425110631
1730,0.08635127
1730,0.217718141
1730,0.086785179
1730,0.081719096
1730,0.103686729
1730,0.174190915
1730,0.232960278
1730,0.107120501
1730,0.119309363
1730,0.157181128
1730,0.103427197
1730,0.422455456
1730,0.063523971
1752,0.08274955
1753,0.003028008
1754,0.004015297
1755,0.00030509
1756,0.006289751
1757,0.0017575
1758,0.001518449
1759,0.000598139
1760,0.004695079
1761,0.000831832
1762,0.000356742
1763,0.008255897
1764,0.003433938
1765,0.004042695
1766,0.008927438
1767,0.000746077
1768,0.032830535
1769,0.008172113
1770,8.26801E-05
1771,2.015963534
1772,0.004182513
1773,0.0017575
1774,0.000357957
1775,0.000260032
1776,0.003540643
1777,0.000199457
1778,0.000333289
1779,0.024175799
1780,0.01553883
1781,0.000826195
1782,0.00077188
1783,0.000594085
1784,0.001503039
1785,0.002477625
1786,0.001041103
1787,0.00014245
1788,0.013655456
1789,0.004791844
1790,0.000424289
1791,0.00190693
1792,6.21389E-05
1793,0.000291721
1794,0.032151636
1795,0.004188811
1796,0.000246359
1797,0.001389424
1798,2.647205149
1799,0.002695729
1800,0.005815302
1801,0.001173371
1802,0.000346583
1803,0.119830744
1804,0.960263133
1805,0.268099225
1806,0.000442903
1807,0.00052272
1808,0.006617613
1809,0.010735581
1810,1.82118E-05
1811,0.000320086
1812,0.000252978
1813,0.001173371
1814,0.002633915
1815,0.014854835
1816,0.003422151
1817,0.001866054
1818,0.000579274
1819,0.000477981
1820,0.021037037
1821,0.003047382
1822,0.000404995
1823,0.001131368
1824,0.004230663
434,0.001308968
435,0.005738725
436,0.00036184
437,0.0016562
438,0.001422032
439,0.003644551
440,0.002749866
441,0.000297743
442,0.002123829
443,2.53689E-05
444,0.000862558
445,0.000478415
446,0.143147017
447,0.005501966
448,1.36483E-05
449,0.002109488
450,0.00018593
451,0.000267156
452,5.18464E-05
453,0.001286431
454,0.080752276
455,0.005446335
456,0.000268062
457,0.000414969
458,0.097620319
459,9.15956E-05
460,0.000394411
461,0.000258257
462,0.01029637
463,0.000131165
464,0.009238612
465,0.002803853
466,0.000817052
467,0.002060056
468,6.86792E-05
469,0.000429267
470,0.000110354
471,0.003676621
472,0.000120923
473,8.53061E-05
474,0.000224008
475,0.000150708
476,0.275244015
477,0.000244632
478,6.01797E-05
479,0.015252454
480,0.000438081
1649,1.21684924
1650,0.035181545
1651,0.344954581
1652,0.15121263
1653,0.019819435
1654,0.008908661
1655,0.001822646
1656,0.005531043
1657,0.000819263
1658,0.062450877
1659,0.005944704
1660,0.001685215
1661,6.22243E-05
1662,0.006289904
1663,0.001089819
1664,0.002614076
1665,0.004987295
1666,0.003679281
1667,0.001524317
1668,0.026697443
1669,0.11952183
1670,0.006718053
1671,0.011557085
1672,0.001114006
1673,0.002722843
1674,0.001863097
1675,0.001788673
1676,0.004525295
1677,0.032630959
1678,0.005146167
1679,0.005870603
1680,0.074206477
1681,8.25143E-05
1682,0.002908185
1683,0.000471773
1684,0.027461646
1685,0.088174924
1686,0.001404968
1687,0.00110012
1688,0.004940597
1689,0.004584383
1690,0.000105771
1691,0.00378524
1692,0.105472706
1693,0.000783086
1694,0.001530966
1695,0.048121577
1696,0.015533363
1825,0.001470696
1826,0.004191511
1827,0.003233442
1828,0.399417515
1829,0.001100019
1830,0.001148641
1831,0.015823986
1832,0.108782096
1833,0.002612675
1834,0.002218061
1835,0.005433457
1836,0.010524637
1837,0.354078462
1838,0.001877241
1839,0.001618515
1840,0.000500332
1841,0.002065921
1842,0.011369738
1843,0.001391143
1844,0.003233442
1845,0.00255678
1846,0.001569276
1847,0.001395448
1848,0.002745068
1849,0.030651152
1850,0.006829116
1851,0.001727003
1852,0.003916088
1853,0.000446287
1854,0.041106591
1855,0.009533923
1856,0.002938132
1857,0.000379131
1858,0.020750261
1859,0.012898997
1860,0.00129746
1861,0.000758788
1862,0.003179168
1863,0.001285017
1864,0.002232841
1865,0.000720775
1866,0.000896733
1867,0.00368541
1868,0.002538983
1869,0.002442976
1870,0.001883302
1871,0.60900066
1872,0.00031978
1873,0.002981346
1874,0.003098511
1875,0.001152066
1876,0.000368327
1877,0.000479323
1878,0.001159491
1879,0.000962397
1880,0.001484863
1881,0.000827536
1882,0.005686143
1883,0.006486567
1884,0.004468779
1885,0.027528851
1886,0.000809136
1887,0.019774148
1888,0.203006592
1889,0.001285017
1890,0.00481144
1891,0.001619394
1892,0.002841101
1893,0.221399447
1894,0.236849577
1895,0.000650366
1896,0.000506225
1897,0.000865934
1898,0.000805099
1899,0.001327918
1900,0.009079751
1901,0.001647034
1902,0.000297821
1903,0.001493012
1904,0.000160598
1905,0.000209546
1906,0.000817949
1907,0.000687189
1908,0.001388123
1909,0.003670229
1910,0.000568262
1911,0.000192372
1912,0.000313302
1913,0.001881359
1914,0.007749989
1915,0.003522186
1916,0.002839757
1917,9.37376E-05
1918,0.002149022
1919,0.001332131
1920,0.005754507
1921,0.002517757
1922,0.036007906
1923,0.002408559
1924,0.000143293
1925,0.00043829
1926,0.001805472
1927,0.039974953
1928,0.000377672
1929,0.000339117
1930,0.018399284
1931,0.000165242
1932,0.000200458
1933,0.000536773
1934,0.003960082
1935,0.000669997
1936,0.001158849
1937,0.00325246
1938,0.001903156
1939,0.004163057
1940,0.000245946
1941,0.474206105
1942,0.003788846
1943,0.155147341
1944,0.001571278
1945,0.00017206
1946,0.001348832
1947,0.001660474
1948,0.001375375
1949,0.161838277
1950,0.000737223
1951,0.002931399
1952,0.000655873
1953,0.006067838
1954,0.003047904
1955,0.000749293
1956,0.000333756
1957,0.001472456
1958,0.005294094
1959,0.003448272
1960,0.021958589
1961,0.00091347
1962,0.001188358
1963,0.061083206
1964,0.001777678
1965,0.000636979
1966,0.005931442
1967,0.004471405
1968,0.019220852
1969,0.042456316
1970,0.265144131
1971,0.001161645
1972,0.005816974
1973,0.000566691
1974,0.201835419
1975,0.186700133
1976,0.001709727
1977,0.000835906
1978,0.090439216
1979,0.001867624
1980,0.002682521
1981,0.068418009
1982,0.001450924
1983,0.001389599
1984,0.000271973
1985,7.90395E-05
1986,0.002388079
1987,0.000734331
1988,0.211683319
1989,0.012571761
1990,0.107135702
1991,0.00414511
1992,0.000241318
1993,0.000168569
1994,0.001460595
1995,1.56246E-05
1996,0.000787388
1997,0.001436536
1998,0.000430148
1999,0.003534164
2000,0.000390643
2001,0.000858418
2002,0.0008699
2003,0.001037367
2004,0.001753389
2005,0.000890366
2006,0.001794639
2007,0.000632369
2008,6.56225E-05
2009,0.001855257
2010,0.006073597
2011,0.002800903
2012,0.002403998
2013,0.007147234
2014,0.001097636
2015,0.006093807
2016,0.000153088
2017,0.000546957
2018,0.000634677
2019,0.000381126
2020,0.039025193
2021,0.001875887
2022,0.00107579
2023,0.000705822
2024,0.000625749
2025,0.000643732
2026,0.000164643
2027,0.05600537
2028,0.000552799
2029,0.074086375
2030,0.012834724
2031,0.001209161
2032,0.002328251
2033,0.000500612
2034,0.001692787
2035,0.003365043
2036,0.00741282
2037,0.019150939
2038,0.025786309
2039,0.000203623
2040,0.292762275
2041,0.000529798
2042,0.000723539
2043,0.000105004
2044,0.002682583
2045,0.005603699
2046,0.001261657
2047,0.002463991
2048,0.013923951
2049,0.015705702
2050,0.055807374
2051,0.001146603
2052,0.007079268
2053,0.001363889
2054,0.00190265
2055,0.019355497
2056,0.000866771
2057,0.001729804
2058,0.048141126
2059,0.00175397
2060,0.001434359
2061,0.00212997
2062,0.000726822
2063,0.001164881
2064,0.000119305
2065,0.000606878
2066,0.006220324
2067,0.025080502
2068,0.000554547
2069,0.000648217
2070,0.001516207
2071,0.000149474
2072,0.004131163
2073,0.000396122
2074,0.014449015
2075,0.012490351
2076,0.001532065
2077,0.001973492
2078,0.171322142
2079,0.000249744
2080,0.000685206
2081,0.001371123
2082,0.000424575
2083,0.000429016
2084,0.001117393
2085,0.002050239
2086,0.003437476
2087,0.001371123
2240,0.000421641
1697,0.000888775
1698,0.002306842
1699,0.000789911
1700,0.001659287
1701,0.064200322
1702,0.000308587
1703,0.000424575
1704,0.048308385
1705,0.000542174
1706,0.00191494
1707,0.001490889
1708,0.015401891
1709,0.003661082
1710,0.000529315
1711,0.002234437
1712,0.000351967
1713,0.00033547
1714,0.008251712
1715,0.009694721
1716,0.001585808
1717,0.017787685
1718,7.67907E-05
1719,0.001485786
1720,9.11522E-05
2241,0.001769718
2242,0.003788796
2243,0.021114374
2244,0.077441863
2245,0.004184921
2246,0.054027186
2247,0.001440634
2248,0.002970091
2249,0.002022936
2250,0.825100814
2251,0.035802328
2252,3.099765427
2253,0.002679751
2254,0.007169483
2255,0.214417867
2256,0.003314541
2257,0.002485035
2258,0.001406467
2259,0.001537616
2260,0.001001615
2261,0.007891958
2262,0.005356831
2263,0.001658097
2264,0.005393694
2265,0.000367216
2266,0.000553678
2267,0.007161068
2268,0.027199957
2269,0.002731899
2270,0.069434593
2271,0.069205037
2272,0.000170318
2273,0.001581843
2274,0.000128533
2275,0.000336922
2276,0.003620018
2277,0.000310152
2278,0.003893596
2279,0.000374585
2280,0.008677463
2281,0.004430373
2282,0.002202837
2283,0.001515189
2284,0.000619663
2285,0.004415726
2286,0.003717203
2287,0.013302071
2288,0.000284565
2289,0.101954381
2290,0.000968972
2291,0.009302395
2292,0.002871028
2293,0.002669299
2294,0.058064896
2295,0.000651221
2296,0.002210143
2297,0.000553678
2298,0.000373347
2299,0.001505187
2300,0.003007268
2301,0.001098911
2302,0.03209798
2303,0.041973102
2304,0.000845951
2537,0.000841807
2538,0.064369628
2539,0.000266621
2540,0.030105598
2541,0.000788427
2542,0.000501705
2543,0.000354533
2544,0.00057194
2545,0.066731233
2546,0.000833575
2547,0.000887102
2548,0.00031304
2549,0.11494074
2550,0.002464972
2551,0.003861025
2552,0.001069201
2553,0.003059855
2554,0.000438655
2555,0.000253007
2556,0.045042454
2557,0.008391684
2558,0.00057194
2559,0.230929337
2560,0.011231995
2561,0.021204763
2562,0.00090175
2563,0.000542737
2564,0.000981913
2565,0.002346787
2566,0.000678147
2567,0.000669319
2568,0.003182523
2305,0.004714968
2306,0.058536504
2307,0.002385538
2308,0.003454105
2309,0.001553213
2310,0.001788139
2311,0.00301015
2312,0.001563422
2313,0.000926754
2314,0.009285203
2315,0.004572628
2316,0.024365457
2317,0.003677154
2318,0.002317758
2319,0.001787798
2320,0.001513338
2321,0.011808349
2322,0.009225872
2323,0.01740274
2324,0.00775963
2325,0.001419373
2326,0.09213877
2327,0.002634795
2328,0.009225872
2329,0.002882186
2330,0.005542224
2331,0.001893974
2332,0.005401922
2333,0.008542798
2334,0.001285125
2335,0.108153592
2336,0.003350771
2337,0.008326536
2338,0.004691391
2339,0.039533216
2340,0.000380186
2341,0.002302948
2342,0.001513338
2343,0.003308086
2344,0.001437687
2345,0.003958468
2346,0.004706452
2347,0.00590913
2348,0.013994701
2349,0.002643254
2350,0.005265172
2351,0.000960011
2352,0.007910298
2353,0.000295381
2354,0.004294292
2355,0.000784613
2356,0.000572103
2357,0.001659327
2358,0.000481414
2359,0.004875813
2360,0.012293983
2361,0.000882203
2362,0.002413072
2363,0.000649575
2364,0.002174274
2365,0.000259306
2366,0.007044606
2367,0.000508817
2368,0.00190873
2369,0.001299762
2370,0.001186492
2371,0.002397407
2372,0.007445586
2373,0.001108066
2374,0.000641169
2375,0.00053255
2376,0.002558743
2377,0.006841141
2378,0.002268295
2379,0.001725452
2380,0.049222183
2381,0.000433774
2382,0.000668895
2383,0.029138518
2384,0.003894612
2385,0.000702379
2386,0.022165162
2387,0.00077952
1645,0.00011084
1646,0.002153137
1647,0.000664552
1648,0.001233774
1721,0.000173263
1722,0.211221594
1723,0.022778943
1724,0.003665505
1725,1.043834001
1726,0.004443441
1727,0.014057439
1728,0.00367672
2593,0.002595436
2594,0.000588041
2595,0.001849015
2596,0.000489555
2597,0.000874753
2598,0.002063972
2599,0.00579625
2600,0.001641334
2601,0.000495574
2602,0.002733791
2603,0.002108585
2604,0.000439912
2605,0.001553515
2606,0.001031645
2607,0.000248463
2608,0.020469023
2609,9.54966E-05
2610,0.001137592
2611,0.076604714
2612,0.004041941
2613,0.002227782
2614,0.001935717
2615,0.000760072
2616,0.000474826
2617,0.000967539
2618,0.002563914
2619,0.004104155
2620,0.00433616
2621,0.004694626
2622,0.003944354
2623,0.001250593
2624,0.001488473
2625,0.003305421
2626,0.000456218
2627,0.006227838
2628,0.000557159
2629,0.001798043
2630,0.000382868
2631,0.004854704
2632,0.000614773
2633,0.003772704
2634,0.00049724
2635,0.006893003
2636,0.002216222
2637,0.000841268
2638,0.000637882
2639,0.000494191
2640,0.000230512
2641,0.001169046
2642,0.004884653
2643,0.002968142
2644,0.00210982
2645,0.000192265
2646,0.001169046
2647,0.015333292
2648,0.000818305
2649,0.061367814
2650,0.001401605
2651,0.002320842
2652,0.000574558
2653,0.002116318
2654,0.001085875
2655,0.002202634
2656,0.001551303
2657,0.003669723
2658,0.871900834
2659,0.277757267
2660,0.001270252
2661,0.03379527
2662,0.000605393
2663,0.005558073
2664,0.001427705
2665,0.00054867
2666,0.011474851
2667,0.001069795
2668,0.001359789
2669,0.000855398
2670,0.006079042
2671,0.001479353
2672,0.000622605
2673,0.001700606
2674,0.000382873
2675,0.000144322
2676,0.000936665
2677,0.002313857
2678,0.003028145
2679,0.000389129
2680,0.114610353
2681,0.137868019
2682,0.000117665
2683,0.002175654
2684,0.000550452
2685,0.058211886
2686,0.000270664
2687,0.002668553
2688,4.02434E-05
2689,0.008244423
2690,0.000796524
2691,0.000651509
2692,0.05562931
2693,0.001450861
2694,0.00228405
2695,0.000732147
2696,0.00043306
2697,0.000117284
2698,0.001258016
2699,0.000763657
2700,0.000403254
2701,0.056538235
2702,0.007802416
2703,0.158487578
2704,0.00549789
2705,0.005034524
2706,0.032674416
2707,0.019936613
2708,0.004021914
2709,0.001312797
2710,0.002650414
2711,0.005816389
2712,0.003735843
2713,0.035289476
2714,0.26545013
2715,0.004100078
2716,0.000879113
2717,0.002124131
2718,0.011555888
2719,0.001954148
2720,0.134037489
2721,0.000910689
2722,0.008968889
2723,0.00224319
2724,0.002790007
2725,0.043751324
2726,0.032154497
2727,0.004193191
2728,0.001752217
2729,0.001251121
2730,0.000550344
2731,0.002684643
2732,0.27060903
2733,0.001062294
2734,0.000539852
2735,0.001107533
2736,0.001617176
2737,0.067898917
2738,0.012440776
2739,0.01163027
2740,0.000633776
2741,0.061471373
2742,0.002063679
2743,0.001769161
2744,0.014936926
2745,0.000771135
2746,0.000729194
2747,0.005698395
2748,0.002639048
2749,0.024150833
2750,0.000612526
2751,0.055147336
2752,0.001412547
2753,0.070578703
2754,0.037038832
2755,0.119077533
2756,0.023835129
2757,0.017040985
2758,0.029712376
2759,0.001837787
2760,0.00357177
2761,0.000104354
2762,0.01464794
2763,0.096788678
2764,0.000694086
2765,0.002231443
2766,0.001600633
2767,0.010301737
2768,0.000876694
2769,0.003752437
2770,0.000945599
2771,0.002068839
2772,0.006105965
2773,0.000882481
2774,0.001627178
2775,0.005370772
2776,0.01643537
2777,0.002545259
2778,0.002124007
2779,0.037160875
2780,0.00039808
2781,0.000496239
2782,0.0046014
2783,0.149911753
2784,0.220286724
2785,0.00129353
2786,0.003983998
2787,0.027574336
2788,0.000665601
2789,0.140112218
2790,0.002319759
2791,0.071652185
2792,0.002970399
2793,0.004976843
2794,0.01523394
2795,0.001586202
2796,0.106091966
2797,0.069257336
2798,0.030440646
2799,0.002088381
2800,0.002075513
2801,0.002088381
2802,0.005477225
2803,0.005069986
2804,0.203646134
2805,0.00518086
2806,0.091465917
2807,0.002741062
2808,0.004425397
2809,0.000493203
2810,0.003687783
2811,0.000967418
2812,0.000511837
2813,0.003120967
2814,0.017399016
2815,0.003553526
2816,0.068406471
2817,0.003780094
2818,0.041592116
2819,0.000970413
2820,0.067566058
2821,0.004109042
2822,0.00244489
2823,0.001687335
2824,0.001359098
2825,0.003147029
2826,0.001092741
2827,0.000475268
2828,0.000673116
2829,0.001202292
2830,0.001169917
2831,0.00066173
2832,0.000204604
2833,7.89711E-05
2834,0.025140094
2835,0.002708308
2836,0.00864048
2837,0.005232403
2838,0.001185994
2839,0.00095008
2840,1.24672E-05
2841,0.000508834
2842,0.060837915
2843,0.000993173
2844,0.000475268
2845,0.177012268
2846,0.001056084
2847,0.000174287
2848,0.001115344
2849,0.00229132
2850,0.000703647
2851,0.007906949
2852,0.116340758
2853,0.002283515
2854,0.332775636
2855,0.000969732
2856,0.001470419
2857,0.006898166
2858,0.001158002
2859,1.845254402
2860,0.000245162
2861,0.000459324
2862,0.063164785
2863,0.012237419
2864,0.086458593
2865,2.010773826
2866,0.00527353
2867,0.004267876
2868,0.073073484
2869,0.001554705
2870,0.030261229
2871,0.000151172
2872,0.005533315
2873,0.206468648
2874,0.00134154
2875,0.02304326
2876,0.000144074
2877,0.000907292
2878,0.016247513
2879,0.001458151
2880,0.001620867
2881,0.001214628
2882,0.000870257
2883,0.002343463
2884,0.003532386
2885,0.005586788
2886,0.002204982
2887,0.000514418
2888,0.000531176
2889,0.00128678
2890,0.046798808
2891,0.00111035
2892,0.000808399
2893,0.001242194
2894,0.000834734
2895,0.004728946
2896,0.000910205
2897,0.002313604
2898,0.006728429
2899,0.017157556
2900,0.001564705
2901,0.00582454
2902,0.001896568
2903,0.000318036
2904,0.000263228
2905,0.001845184
2906,0.000241344
2907,0.019886245
2908,0.045274425
2909,0.000488985
2910,0.001631494
2911,0.000194892
2912,0.001146188
2913,0.012075969
2914,0.00044084
2915,0.010746846
2916,0.000934618
2917,0.001723849
2918,0.001203251
2919,0.00054946
2920,0.005003816
2921,0.000650256
2922,0.000540633
2923,0.001040052
2924,0.000114577
2925,0.000174569
2926,0.005770266
2927,0.002793164
2928,0.007168765
2929,0.00553234
2930,0.008763131
2931,0.014061659
2932,0.001131433
2933,0.001000402
2934,0.000346885
2935,0.012595314
2936,0.001786376
2937,0.001647424
2938,0.034378268
2939,0.000576815
2940,0.00152421
2941,0.000184451
2942,0.004001653
2943,0.00144255
2944,0.000839872
2945,0.06752079
2946,0.000385574
2947,0.000379396
2948,0.000548315
2949,0.001945313
2950,0.050486037
2951,0.001141567
2952,0.00039312
2953,0.002068453
2954,0.001521825
2955,0.012874192
2956,0.000444465
2957,0.004948167
2958,0.004116003
2959,0.000864663
2960,0.002695803
2961,0.005759481
2962,0.001587096
2963,0.002669804
2964,0.003314954
2965,0.001160155
2966,0.001101714
2967,0.003524794
2968,0.005987133
2969,0.000884439
2970,0.002875725
2971,0.001130557
2972,0.001137885
2973,0.250633161
2974,0.000386821
2975,0.002518988
2976,0.001303235
2977,0.001561666
2978,0.042679316
2979,8.982E-05
2980,0.000424811
2981,0.014650023
2982,0.001167675
2983,0.150442707
2984,0.002678442
2985,0.013382528
2986,0.004685154
2987,0.009774065
2988,1.121193516
2989,0.013339248
2990,0.050017238
2991,0.006110606
2992,0.00485511
2993,0.017397696
2994,0.002763185
2995,0.065234917
2996,0.009617032
2997,0.001813516
2998,0.002844929
2999,0.028744254
3000,0.003489008
3001,0.00060479
3002,0.002781145
3003,0.000231087
3004,0.022838407
3005,0.060355394
3006,0.001059222
3007,0.005455632
3008,0.079745068
3009,0.00166164
3010,7.01552E-05
3011,0.001141154
3012,0.006690763
3013,0.016952629
3014,0.01418604
3015,0.002657834
3016,0.105705702
3017,0.001290636
3018,0.007591755
3019,0.000414004
3020,0.001018838
3021,0.006626056
3022,0.019423349
3023,0.015583298
3024,0.008811636
3025,0.00168844
3026,0.06334713
3027,0.001145427
3028,0.001603307
3029,0.005901427
3030,0.008260497
3031,0.009431554
3032,0.002401908
3033,0.022654454
3034,0.000705212
3035,0.075677099
3036,0.038375809
3037,0.006174723
3038,0.028501009
3039,0.001715961
3040,0.001474023
3041,0.019650046
3042,0.002707174
3043,0.044386601
3044,0.001087673
3045,0.000200466
3046,0.005901427
3047,0.016342459
3048,0.00054447
3049,0.00693702
3050,0.0266299
3051,0.014221052
3052,0.11823892
3053,0.014831595
3054,0.047659217
3055,0.000594143
3056,0.008898268
3057,0.010225657
3058,0.004411318
3059,0.00074026
3060,0.000337392
3061,0.005020432
3062,0.024881631
3063,0.01677073
3064,0.001727094
3065,0.009408341
3066,0.00059492
3067,0.040240965
3068,0.002157365
3069,0.003150572
3070,0.005426821
3071,0.027112781
3072,0.005253982
3073,0.007623302
3074,2.40668E-05
3075,0.006895515
3076,0.001520929
3077,0.011686766
3078,0.000531201
3079,0.009940536
3080,0.009972763
3081,0.000543374
3082,0.006380138
3083,0.01098971
3084,0.044632428
3085,0.010918798
3086,0.000854862
3087,0.000995321
3088,0.000331153
3089,0.035814881
3090,0.010468895
3091,0.002544566
3092,0.004257147
3093,0.009377938
3094,0.007623302
3095,0.110469922
3096,0.177204588
3097,0.002536344
3098,0.010848344
3099,0.001125588
3100,0.006298068
3101,0.00021049
3102,0.000390588
3103,0.000765777
3104,0.001606962
3105,0.004423091
3106,0.01317382
3107,0.006752841
3108,0.000912577
3109,0.000277033
3110,5.77364E-05
3111,0.000513901
3112,0.001193831
3113,0.066700283
3114,0.000408985
3115,0.009447749
3116,0.002112875
3117,0.044878087
3118,0.002070729
3119,0.000885408
3120,0.000231865
3121,0.004497984
3122,0.000115702
3123,0.006618141
3124,0.005805741
3125,0.003403841
3126,0.016277663
3127,0.020112794
3128,0.022927184
3129,0.000238178
3130,0.111123838
3131,0.000789873
3132,0.00964004
3133,0.001263967
3134,0.005446879
3135,0.000249643
3136,0.000330999
3137,0.005963827
3138,0.001859747
3139,0.0547118
3140,0.008863768
3141,0.002098732
3142,0.008571053
3143,0.002499164
3144,0.001285369
3145,0.001077936
3146,0.05654593
3147,0.001651784
3148,0.022367948
3149,0.031330199
3150,0.002276784
3151,0.002002509
3152,0.029762142
3153,0.004043818
3154,0.032455903
3155,0.001830422
3156,0.006216493
3157,0.065962677
3158,0.010189975
3159,0.024628429
3160,0.063879486
3161,0.00946495
3162,0.005737244
3163,0.002328507
3164,0.010830615
3165,0.001609918
3166,0.017810432
3167,0.005244211
3168,0.045899903
3169,0.009225052
3170,0.02863782
3171,0.00081013
3172,0.038104651
3173,0.047701936
3174,0.006357718
3175,0.000823234
3176,0.002176758
3177,0.16304883
3178,0.051521021
3179,0.001040549
3180,0.00030345
3181,0.001554079
3182,0.000815347
3183,0.000572845
3184,0.000323564
3185,0.001148855
3186,0.051942914
3187,0.213282399
3188,0.011096011
3189,0.02144094
3190,0.000115493
3191,0.035516255
3192,0.014612396
3193,0.001255143
3194,0.047856904
3195,0.000384497
3196,0.000844263
3197,0.005686173
3198,0.004748324
3199,0.002457329
3200,0.017729409
3201,0.001985871
3202,0.00053186
3203,0.000102977
3204,0.017214121
3205,0.276307852
3206,0.000267246
3207,0.002904357
3208,0.000795901
3209,0.005086616
3210,2.57452E-05
3211,0.0010866
3212,0.007865452
3213,0.000243814
3214,0.00443253
3215,0.000526656
3216,0.011279328
3217,8.91488E-05
3218,0.018683858
3219,0.025011368
3220,0.000218822
3221,0.003570393
3222,0.003300331
3223,0.002838489
3224,0.004565214
3225,0.103259564
3226,0.012172552
3227,0.003765119
3228,0.001268419
3229,0.002823461
3230,0.009879262
3231,0.000134706
3232,0.006324817
3233,0.001813338
3234,0.000271846
3235,4.69872E-05
3236,0.022341454
3237,0.030749941
3238,0.002306067
3239,0.008984972
3240,0.067801993
3241,0.000206453
3242,0.010326539
3243,0.003017361
3244,0.002070951
3245,0.000514978
3246,0.000198136
3247,6.01339E-05
3248,0.000159289
3249,0.01022902
3250,0.020254898
3251,0.000220631
3252,0.010261424
3253,0.043683062
3254,0.012405755
3255,0.024565138
3256,0.000755081
3257,3.89886E-05
3258,0.000468361
3259,0.012926468
3260,0.007065187
3261,0.001889451
3262,0.00089571
3263,0.015431249
3264,0.006089264
3265,0.016915925
3266,0.020686962
3267,0.065241164
3268,0.000346709
3269,0.002173864
3270,0.002481927
3271,0.011763801
3272,NA
3273,0.055213192
3274,0.010253195
3275,0.006337962
3276,0.001215128
3277,0.021515456
3278,0.001343763
3279,0.001134431
3280,0.029312279
3281,0.007271735
3282,0.017166863
3283,0.000437746
3284,0.007618851
3285,0.004958645
3286,0.031629434
3287,0.009158607
3288,0.145209093
3289,0.001171209
3290,0.003195753
3291,0.011090903
3292,0.186514277
3293,0.028461593
3294,0.304708912
3295,0.00522091
3296,0.147363187
3297,0.113886735
3298,0.000583349
3299,0.090868535
3300,0.018798706
3301,0.00317231
3302,0.547806248
3303,0.037928481
3304,0.026702179
3305,0.002536922
3306,0.003268703
3307,0.065759235
3308,0.00111238
3309,0.001710948
3310,0.000348598
3311,0.004276362
3312,5.49566E-05
3313,0.005136201
3314,0.001532838
3315,0.002279778
3316,0.001644361
3317,0.000892837
3318,0.000305705
3319,0.000743369
3320,0.007685826
3321,0.001193312
3322,0.001082226
3323,0.000502876
3324,0.000100906
3325,0.000743369
3326,0.004517985
3327,0.001072358
3328,0.000445057
3329,0.000171658
3330,0.000951965
3331,0.000665984
3332,0.000451904
3333,0.002468152
3334,0.003715974
3335,0.00363739
3336,0.000593023
3337,0.00072543
3338,0.001360747
3339,0.001226561
3340,0.002080218
3341,0.002696681
3342,0.00133197
3343,0.0063602
3344,0.023427522
3345,0.014539197
3346,0.001592099
3347,0.002525671
3348,0.00013864
3349,0.000151561
3350,0.000405191
3351,0.000700461
3352,0.000185208
3353,0.000569569
3354,0.003310218
3355,0.000839779
3356,0.000377793
3357,0.000903553
3358,0.003018389
3359,0.000359038
3360,0.001026214
3361,0.002814289
3362,0.000107478
3363,0.006396679
3364,0.00393089
3365,0.000741758
3366,0.00270884
3367,0.001433376
3368,NA
3369,0.000336897
3370,0.051596762
3371,0.002454357
3372,0.017823616
3373,0.000299474
3374,0.00109018
3375,0.005421064
3376,0.000605072
3377,0.000406483
3378,0.000920971
3379,0.004464528
3380,0.000117869
3381,0.003439078
3382,0.001581998
3383,0.004202573
3384,9.22522E-05
3385,0.003558751
3386,0.005759565
3387,0.005323832
3388,0.001267792
3389,0.001059622
3390,0.000421437
3391,0.0002246
3392,0.003426875
3393,0.000103567
3394,0.020664988
3395,0.001667031
3396,0.003789919
3397,0.001341674
3398,0.000111341
3399,0.0021375
3400,0.00239389
3401,0.377242269
3402,0.001179277
3403,0.003108374
3404,0.00230518
3405,0.000267039
3406,0.178388189
3407,0.006076061
3408,0.025196016
3409,0.000521991
3410,0.005094384
3411,0.001932744
3412,0.049096909
3413,0.000108232
3414,0.001410954
3415,0.107483342
3416,0.00124408
3417,0.001337459
3418,0.00375431
3419,0.000375118
3420,0.001415401
3421,0.000256335
3422,0.001271788
3423,0.007790847
3424,0.075083949
3425,0.001326077
3426,0.018347569
3427,0.001110712
3428,0.001653639
3429,0.000852757
3430,0.17264344
3431,0.001433265
3432,0.000628775
3433,0.00038592
3434,0.001355255
3435,0.00085011
3436,0.00116374
3437,0.000320242
3438,0.000319248
3439,0.003487502
3440,0.000930323
3441,0.000300935
4417,0.003900547
4418,0.00041068
4419,0.162234769
4420,0.330646783
4421,0.007826982
4422,0.009913287
4423,0.000907468
4424,0.006911655
4425,0.006679265
4426,0.001346854
4427,0.003804723
4428,0.005771175
4429,0.022879701
4430,0.000245868
4431,0.723838593
4432,0.001832318
4433,0.008913746
4434,0.001414207
4435,0.00194736
4436,0.012946401
4437,0.001643968
4438,0.018108929
4439,0.01528762
4440,0.010361929
4441,0.539107135
4442,0.001073122
4443,0.002060458
4444,0.00905463
4445,0.004974064
4446,0.002775636
4447,0.01700791
4448,0.00288209
4449,0.029261237
4450,0.033172356
4451,0.000370595
4452,0.006156495
4453,0.001712381
4454,0.008319443
4455,0.001817524
4456,0.000664124
4457,0.007338556
4458,0.000404612
4459,0.010200704
4460,0.002946064
4461,0.030383498
4462,0.000819425
4463,0.002022047
4464,0.003870295
4465,0.000279455
4466,0.000698301
4467,0.053433561
4468,0.008062567
4469,0.004278889
4470,0.009111605
4471,0.001783642
4472,0.000680998
4473,0.0031819
4474,0.077957708
4475,0.005115672
4476,0.002899207
4477,0.106759766
4478,0.005742003
4479,0.001482752
4480,0.008330907
4481,0.015130591
4482,0.015033814
4483,0.010428623
4484,0.000494928
4485,0.000537984
4486,0.004514004
4487,0.008251107
4488,0.001364085
4489,0.012048357
4490,0.019557984
4491,0.011013211
4492,0.006719511
4493,0.001058685
4494,0.000210144
4495,0.00393231
4496,0.713300219
4497,0.000695404
4498,0.000345531
4499,0.016820408
4500,0.000367249
4501,0.139781351
4502,0.029020605
4503,0.092407399
4504,0.057108908
4505,0.00328564
4506,0.010002611
4507,0.051371615
4508,0.011894726
4509,0.090936866
4510,0.104388858
4511,0.000112052
4512,0.000161016
4513,0.019053827
4514,0.000774664
4515,0.005241828
4516,0.003775165
4517,0.000841581
4518,0.004371169
4519,0.001310584
4520,0.000641889
4521,0.085471705
4522,0.091096429
4523,0.024981466
4524,0.149760559
4525,0.006407248
4526,0.14786373
4527,0.047552756
4528,0.013898606
4529,0.029957325
4530,0.176189032
4531,0.001153737
4532,0.002550998
4533,0.013898606
4534,0.279673634
4535,0.037087507
4536,0.013165704
4537,0.005142556
4538,0.002608542
4539,0.023967712
4540,0.008241448
4541,0.001106918
4542,0.003811429
4543,0.015637862
4544,0.010499865
4545,0.003376741
4546,0.007027585
4547,0.001045212
4548,0.004023601
4549,0.228075569
4550,0.012274314
4551,0.027053076
4552,0.00737166
4553,0.001957598
4554,0.003031172
4555,0.336077241
4556,0.244099271
4557,0.002895821
4558,0.0014738
4559,0.000581533
4560,0.037511956
4561,0.000835351
4562,0.152583915
4563,0.001599062
4564,0.007196702
4565,0.223514478
4566,0.003935284
4567,0.008696078
4568,0.001407991
4569,0.001127818
4570,0.00990846
4571,0.002035768
4572,0.00173497
4573,0.005897832
4574,0.002420098
4575,0.124638027
4576,0.006546943
4577,0.01692019
4578,0.038756128
4579,0.002695232
4580,0.001701334
4581,0.00335382
4582,0.069501707
4583,0.002144872
4584,0.01494709
4585,0.008307771
4586,2.281695878
4587,0.086484644
4588,0.001729319
4589,0.005543297
4590,0.015955044
4591,0.003267407
4592,0.004513286
4593,0.000244407
4594,0.019311276
4595,0.001576808
4596,0.001716001
4597,0.000722191
4598,0.036302667
4599,0.001251566
4600,0.00064028
4601,0.047249134
4602,0.056876975
4603,0.000225314
4604,0.001070603
4605,0.00161839
4606,0.001521373
4607,5.34846E-05
4608,0.00068333
4609,0.003194524
4610,0.051924424
4611,0.001284571
4612,0.00987932
4613,0.00021319
4614,0.002391369
4615,0.060503993
4616,0.00233752
4617,0.001267961
4618,0.00161839
4619,0.001628955
4620,0.006285156
4621,0.002916361
4622,0.017345268
4623,0.000390472
4624,0.000806668
4625,0.005626951
4626,0.002438511
4627,0.012406208
4628,0.005831985
4629,0.00539391
4630,0.005682143
4631,0.000939956
4632,0.004064155
4633,0.00806054
4634,0.001222387
4635,0.00364056
4636,0.003219178
4637,0.124165919
4638,0.002910118
4639,0.049902577
4640,0.000675588
4641,0.000145404
4642,0.012031836
4643,0.003516415
4644,0.001222387
4645,0.001745818
4646,0.028553802
4647,0.071271057
4648,0.177894475
4649,0.03089652
4650,0.005417091
4651,0.04142889
4652,0.012300441
4653,0.001654672
4654,0.005608339
4655,0.024853734
4656,0.00379294
4657,0.003902154
4658,0.002605954
4659,0.009173328
4660,0.006030318
4661,0.003031924
4662,0.025650149
4663,0.010706521
4664,0.00952719
4665,0.008667026
4666,0.003877615
4667,0.000740298
4668,0.014266007
4669,0.003594917
4670,0.000454029
4671,0.00174032
4672,0.079089245
4673,NA
4674,NA
4675,NA
4676,NA
4677,0.003286163
4678,0.000698385
4679,0.000680516
4680,0.015018253
4681,0.108029863
4682,0.063500814
4683,0.015715161
4684,0.008574148
4685,0.004441703
4686,0.013278518
4687,0.006426271
4688,0.009952166
4689,0.001580099
4690,0.001330785
4691,0.004441703
4692,0.034645867
4693,0.009388362
4694,0.028897069
4695,0.00982402
4696,0.001781341
4697,0.005256767
4698,0.008036167
4699,0.00355189
4700,0.321911729
4701,0.001534689
4702,0.033650191
4703,0.004647816
4704,0.009919974
4705,0.038058999
4706,0.001702345
4707,0.081494079
4708,0.001912949
4709,0.009697523
4710,0.002115064
4711,0.010932602
4712,0.002723186
4713,0.000812834
4714,0.000272247
4715,0.002395257
4716,0.265816003
4717,0.000242763
4718,0.173086552
4719,0.072433361
4720,0.003112677
4721,0.032790536
4722,0.027929112
4723,0.354601992
4724,0.00753612
4725,0.000591618
4726,0.051189121
4727,0.002258142
4728,0.000147087
4729,0.033660975
4730,0.00198089
4731,0.03173407
4732,0.021990301
4733,0.000587756
4734,0.001045965
4735,0.004988172
4736,0.010053282
4737,0.001534345
4738,0.001681693
4739,0.001885933
4740,0.003195304
4741,0.004907158
4742,0.000786646
4743,0.022280261
4744,6.19577E-05
4745,0.000236486
4746,0.0019108
4747,0.001509425
4748,0.01686658
4749,0.01708898
4750,0.000802256
4751,0.000513906
4752,0.03173407
4753,0.007319216
4754,0.03705839
4755,0.150183821
4756,0.002704848
4757,0.160047002
4758,0.017274037
4759,0.006028513
4760,0.011280034
4761,0.006343219
4762,0.068029845
4763,0.025625071
4764,0.000608627
4765,0.07135391
4766,0.00490265
4767,0.003974389
4768,0.010027792
4769,0.025381741
4770,0.000810328
4771,0.001183112
4772,0.006695614
4773,0.001260811
4774,0.00213763
4775,0.001285102
4776,0.001662709
4777,0.224925158
4778,0.132664764
4779,0.000713529
4780,0.028011684
4781,0.003052314
4782,0.025870733
4783,0.000628294
4784,0.000208391
4785,0.009621648
4786,0.005567749
4787,0.061446967
4788,0.001276953
4789,0.046594467
4790,0.007389384
4791,0.101885965
4792,0.018408493
4793,0.551723939
4794,0.006707884
4795,0.155487571
4796,0.001062758
4797,0.006922675
4798,0.015005926
4799,0.018980334
4800,0.003891786
4801,0.020624885
4802,0.00372806
4803,0.004277739
4804,0.000833029
4805,0.001135156
4806,0.065072449
4807,0.005568001
4808,0.000222326
4809,0.009961234
4810,0.036898214
4811,0.00883178
4812,0.008533268
4813,0.066772368
4814,0.033473078
4815,0.066772368
4816,0.023195944
4817,0.016446886
4818,0.211274366
4819,0.003970633
4820,0.028592589
4821,0.01060938
4822,0.015664944
4823,1.412166903
4824,0.003571222
4825,0.000793424
4826,0.002019206
4827,0.002397976
4828,0.007631039
4829,0.002620724
4830,0.004389488
4831,0.022411928
4832,0.00351035
4833,0.013415285
4834,0.016107972
4835,0.006628133
4836,0.008764339
4837,0.311877602
4838,0.006368815
4839,0.039276694
4840,3.74056036
4841,0.014195621
4842,0.067991992
4843,0.001879191
4844,0.13761523
4845,0.066206818
4846,0.966214762
4847,0.286995221
4848,0.002233977
4849,0.224383275
4850,0.001729264
4851,0.000113478
4852,0.035547045
4853,0.014148487
4854,0.040875916
4855,0.046228477
4856,0.00535736
4857,0.025405108
4858,0.079495705
4859,0.074627764
4860,0.010281334
4861,0.027791969
4862,0.282262225
4863,0.017857336
4864,0.008365614
4865,5.30391621
4866,0.136249011
4867,0.039538819
4868,0.028352124
4869,0.00803832
4870,0.012141392
4871,0.014971471
4872,0.627052871
4873,0.482623146
4874,0.003946783
4875,0.003468115
4876,0.03043746
4877,0.008854801
4878,0.384898465
4879,0.072613121
4880,7.853040347
4881,0.027006601
4882,0.074035082
4883,0.28496934
4884,0.014566498
4885,0.183014471
4886,0.006429961
4887,0.004462574
4888,0.003972379
4889,0.004714646
4890,0.009116172
4891,0.009788019
4892,0.00494886
4893,0.000912742
4894,0.085903273
4895,0.010509381
4896,0.011654588
4897,0.011430743
4898,0.036713472
4899,0.00734111
4900,0.022754725
4901,0.008408508
4902,0.0296605
4903,0.006205362
4904,0.00246205
4905,0.008999068
4906,0.00113711
4907,0.003188572
4908,0.004838146
4909,0.00284751
4910,0.019172257
4911,0.006815154
4912,0.00806251
4913,0.006138727
4914,0.002704026
4915,0.018876389
4916,0.005223797
4917,0.019183512
4918,0.003523398
4919,0.022616323
4920,0.003546218
4921,0.008671122
4922,0.003869146
4923,0.022984296
4924,0.014117352
4925,0.003037226
4926,0.054945003
4927,0.000950199
4928,0.00346699
4929,0.003303124
4930,0.006443265
4931,0.002235127
4932,0.000920017
4933,0.003569185
4934,0.187338773
4935,0.012609238
4936,0.004074221
4937,0.000893675
4938,0.024517039
4939,0.009013582
4940,0.114695897
4941,0.017868481
4942,0.138310338
4943,0.037179665
4944,0.002293596
4945,0.007354979
4946,0.022111037
4947,0.002407379
4948,0.001483435
4949,0.011335171
4950,0.079129095
4951,0.154353765
4952,0.003592302
4953,0.03761393
4954,0.0012811
4955,0.014463264
4956,0.05105096
4957,0.060757951
4958,0.001779193
4959,0.004206684
4960,0.007597871
4961,0.043748495
4962,0.020553752
4963,0.015856433
4964,0.001460963
4965,0.010044675
4966,0.16598985
4967,0.012476084
4968,0.02808013
4969,0.008248062
4970,0.056337286
4971,0.001390731
4972,0.002771961
4973,0.001223527
4974,0.003749867
4975,0.003161135
4976,0.125969072
4977,0.00450707
4978,0.004876721
4979,0.02068921
4980,0.001733053
4981,0.002344448
4982,0.001710434
4983,0.057837181
4984,0.003991329
4985,0.040035966
4673,0.00284576
4674,0.003652622
4675,0.000814216
4676,0.00195699
4365,0.000354919
4366,0.170916937
4367,0.00104408
4368,0.002828217
2534,0.000783536
2535,0.830257265
2536,0.002682773
2569,0.002304963
2570,0.001203246
2571,0.07058779
2572,0.001419079
2573,0.11617671
2574,0.007762897
2575,0.017948028
2576,0.000210721
2577,0.000775818
2578,0.000945676
2579,0.006041052
2580,0.000570804
2581,0.001006863
2582,0.000559614
2583,0.075902578
2584,0.000142761
2585,0.00061581
2586,0.000230356
2587,0.000626054
2588,0.004430029
2589,0.001624656
2590,0.000439821
2591,0.000914981
2592,0.000192124
4369,0.087185514
4370,0.004314616
4371,0.015471407
4372,0.056961549
4373,0.105923877
4374,0.004608961
4375,0.006538914
4376,0.009277013
4377,0.001276759
4378,0.0084345
4379,0.000139828
4380,0.008275437
4381,0.000317057
4382,0.001947117
4383,0.11093037
4384,0.000603789
4385,0.005987258
4386,0.097089354
4387,0.01063306
4388,0.149481982
4389,2.55241E-05
4390,0.000242873
4391,0.000723494
4392,0.016845276
4393,0.044480218
4394,0.090255993
4395,0.000780744
4396,0.001297177
4397,0.00223886
4398,0.011329732
4399,0.001810074
4400,0.006239401
4401,0.001850729
4402,0.006359329
4403,0.001764704
4404,0.005223614
4405,0.000317057
4406,0.002598939
4407,0.002795707
4408,NA
4409,0.002431402
4410,0.005495664
4411,0.148536337
4412,NA
4413,0.004387098
4414,2.48844E-05
4415,0.005930534
4416,4.87615E-05