colony,focal_AntID,tagID,position,time_start,time_stop,exclude
c01,001,011,p1,2022-03-09T10:10:40.905692879Z,2022-03-09T10:13:00.406453983Z,1
c01,001,011,p1,2022-03-09T10:22:05.742660383Z,2022-03-09T10:29:09.078201893Z,1
c01,002,14f,p2,2022-03-09T10:10:24.738925792Z,2022-03-09T10:10:33.572309865Z,0
c01,002,14f,p2,2022-03-09T10:33:02.912758537Z,2022-03-09T10:33:16.746139609Z,0
c01,003,17a,p2,2022-03-09T10:24:13.909959878Z,2022-03-09T10:24:47.076768252Z,0
c01,003,17a,p2,2022-03-09T10:28:09.077792115Z,2022-03-09T10:30:05.911950944Z,0
c01,003,17a,p2,2022-03-09T10:36:31.247007730Z,2022-03-09T10:36:54.747487501Z,0
c01,003,17a,p2,2022-03-09T10:38:33.247702308Z,2022-03-09T10:43:40.749344805Z,0
c01,004,18d,p2,2022-03-09T10:10:23.572264630Z,2022-03-09T10:11:36.572649963Z,0
c01,004,18d,p2,2022-03-09T10:14:07.073440353Z,2022-03-09T10:14:54.073680955Z,0
c01,005,196,p2,2022-03-09T10:10:00.405435033Z,2022-03-09T10:11:24.572536568Z,0
c01,005,196,p2,2022-03-09T10:13:07.906445805Z,2022-03-09T10:14:16.240154283Z,0
c01,005,196,p2,2022-03-09T10:41:20.581956043Z,2022-03-09T10:42:59.415816543Z,0
c01,006,1a4,p2,2022-03-09T10:10:30.072292530Z,2022-03-09T10:10:40.072344570Z,0
c01,007,20f,p1,2022-03-09T10:10:44.072352994Z,2022-03-09T10:13:26.073249807Z,0
c01,007,20f,p1,2022-03-09T10:13:36.239969670Z,2022-03-09T10:16:17.074103353Z,0
c01,007,20f,p1,2022-03-09T10:29:52.911740690Z,2022-03-09T10:31:01.078749565Z,0
c01,007,20f,p1,2022-03-09T10:31:59.578998136Z,2022-03-09T10:32:34.079251205Z,0
c01,008,31b,p1,2022-03-09T10:48:57.417602123Z,2022-03-09T10:49:15.584369667Z,0
c01,009,3df,p1,2022-03-09T10:53:20.418924863Z,2022-03-09T10:54:17.752445500Z,0
c01,010,422,p2,2022-03-09T10:43:43.249351799Z,2022-03-09T10:46:29.416866300Z,0
c01,011,631,p2,2022-03-09T10:49:42.917833765Z,2022-03-09T10:51:24.918336460Z,0
c01,011,631,p2,2022-03-09T10:52:30.251996369Z,2022-03-09T10:54:38.752586241Z,0
c01,012,704,p2,2022-03-09T10:10:33.072303344Z,2022-03-09T10:12:13.572848169Z,0
c01,012,704,p2,2022-03-09T10:19:28.075103976Z,2022-03-09T10:21:14.075683774Z,0
c01,012,704,p2,2022-03-09T10:21:54.909257754Z,2022-03-09T10:24:51.743461327Z,0
c01,013,788,p1,2022-03-09T10:16:21.740795279Z,2022-03-09T10:19:06.575472275Z,0
c01,013,788,p1,2022-03-09T10:21:47.075904595Z,2022-03-09T10:23:39.909715191Z,0
c01,013,788,p1,2022-03-09T10:25:33.743675535Z,2022-03-09T10:33:28.246137705Z,0
c01,014,7e7,p1,2022-03-09T10:20:32.909258775Z,2022-03-09T10:20:45.242239256Z,0
c01,014,7e7,p1,2022-03-09T10:41:29.248646797Z,2022-03-09T10:41:40.415340594Z,0
c01,015,83f,p1,2022-03-09T10:10:44.239021505Z,2022-03-09T10:11:42.072654642Z,0
c01,015,83f,p1,2022-03-09T10:12:16.906188820Z,2022-03-09T10:13:15.573196544Z,0
c01,016,842,p1,2022-03-09T10:27:22.410870860Z,2022-03-09T10:28:04.577799218Z,1
c02,001,120,p1,2022-03-10T10:16:29.330293882Z,2022-03-10T10:17:48.997351202Z,0
c02,002,123,p1,2022-03-10T10:08:32.327850738Z,2022-03-10T10:11:00.495219728Z,1
c02,003,24a,p1,2022-03-10T10:07:59.661072285Z,2022-03-10T10:14:12.329533005Z,1
c02,003,24a,p1,2022-03-10T10:15:10.663150213Z,2022-03-10T10:16:47.996982294Z,1
c02,004,2a2,p2,2022-03-10T10:13:54.996106084Z,2022-03-10T10:14:23.496256242Z,0
c02,004,2a2,p2,2022-03-10T10:14:46.329677443Z,2022-03-10T10:17:45.830612302Z,0
c02,005,396,p2,2022-03-10T10:10:40.328460456Z,2022-03-10T10:13:57.662776426Z,0
c02,005,396,p2,2022-03-10T10:19:47.831167408Z,2022-03-10T10:20:07.831383943Z,0
c02,006,3a5,p2,2022-03-10T10:10:21.661680688Z,2022-03-10T10:13:55.996100346Z,0
c02,007,3ae,p1,2022-03-10T10:07:59.327567230Z,2022-03-10T10:12:35.328956673Z,1
c02,008,3b2,p1,2022-03-10T10:08:00.827654696Z,2022-03-10T10:10:06.994899916Z,0
c02,009,3fc,p1,2022-03-10T10:08:12.494414764Z,2022-03-10T10:10:31.661732692Z,0
c02,010,42e,p1,2022-03-10T10:07:57.827687134Z,2022-03-10T10:09:25.661405720Z,0
c02,010,42e,p1,2022-03-10T10:09:25.661405720Z,2022-03-10T10:19:19.497836059Z,0
c02,011,466,p2,2022-03-10T10:08:39.494560806Z,2022-03-10T10:09:27.994777681Z,0
c02,011,466,p2,2022-03-10T10:20:22.498071908Z,2022-03-10T10:21:51.165157848Z,0
c02,011,466,p2,2022-03-10T10:47:25.507211936Z,2022-03-10T10:48:40.174288349Z,0
c02,012,617,p2,2022-03-10T10:08:13.161050714Z,2022-03-10T10:08:49.661266312Z,0
c02,012,617,p2,2022-03-10T10:38:14.170518731Z,2022-03-10T10:41:08.004902128Z,0
c02,012,617,p2,2022-03-10T10:51:59.675450845Z,2022-03-10T10:53:26.509256109Z,0
c02,013,619,p2,2022-03-10T10:08:12.994871086Z,2022-03-10T10:08:20.161146300Z,0
c02,013,619,p2,2022-03-10T10:08:28.827825532Z,2022-03-10T10:09:36.494796274Z,0
c02,013,619,p2,2022-03-10T10:26:59.500161900Z,2022-03-10T10:28:43.000705669Z,0
c02,014,745,p1,2022-03-10T10:07:59.161033226Z,2022-03-10T10:09:42.161472502Z,0
c02,014,745,p1,2022-03-10T10:39:52.837848048Z,2022-03-10T10:40:41.338134423Z,0
c02,015,751,p2,2022-03-10T10:08:46.661135663Z,2022-03-10T10:09:50.161550952Z,0
c02,016,79c,p2,2022-03-10T10:14:22.996268842Z,2022-03-10T10:14:40.829671891Z,0
c02,016,79c,p2,2022-03-10T10:26:48.500113618Z,2022-03-10T10:28:48.000738867Z,0
c02,016,79c,p2,2022-03-10T10:49:43.174650647Z,2022-03-10T10:50:12.508078454Z,0
c02,017,80e,p1,2022-03-10T10:08:00.161024616Z,2022-03-10T10:09:41.828134097Z,0
c02,018,81d,p2,2022-03-10T10:30:34.667939523Z,2022-03-10T10:30:42.501325632Z,0
c02,018,81d,p2,2022-03-10T10:44:22.006118980Z,2022-03-10T10:44:45.506200259Z,0
c03,001,035,p2,NA,NA,0
c03,002,0ce,p1,2022-03-11T10:18:22.733208202Z,2022-03-11T10:20:33.567161376Z,0
c03,002,0ce,p1,2022-03-11T10:21:12.400759633Z,2022-03-11T10:21:52.067619167Z,0
c03,002,0ce,p1,2022-03-11T10:25:28.402090592Z,2022-03-11T10:29:51.236819148Z,0
c03,003,0e7,p2,2022-03-11T10:13:33.731657348Z,2022-03-11T10:18:37.733285714Z,0
c03,004,151,p1,2022-03-11T10:08:20.730058790Z,2022-03-11T10:09:35.230385246Z,0
c03,005,187,p1,2022-03-11T10:19:57.067495525Z,2022-03-11T10:21:00.067349227Z,0
c03,005,187,p1,2022-03-11T10:22:18.401105162Z,2022-03-11T10:23:30.734820584Z,0
c03,005,187,p1,2022-03-11T10:28:19.070065238Z,2022-03-11T10:29:09.903241032Z,0
c03,006,1c5,p2,2022-03-11T10:09:07.730300757Z,2022-03-11T10:11:52.897780933Z,0
c03,007,2ca,p1,2022-03-11T10:27:57.569551817Z,2022-03-11T10:30:13.070242965Z,0
c03,007,2ca,p1,2022-03-11T10:32:32.904324753Z,2022-03-11T10:34:10.238113763Z,0
c03,007,2ca,p1,2022-03-11T10:37:06.905778681Z,2022-03-11T10:38:42.573300781Z,0
c03,008,352,p2,2022-03-11T10:24:22.735083405Z,2022-03-11T10:26:22.568948189Z,0
c03,009,37e,p1,NA,NA,0
c03,010,38c,p1,2022-03-11T10:11:42.564378458Z,2022-03-11T10:14:38.398604353Z,0
c03,010,38c,p1,2022-03-11T10:29:02.569873274Z,2022-03-11T10:31:42.404049078Z,0
c03,011,3c4,p2,2022-03-11T10:08:36.563465985Z,2022-03-11T10:08:57.563591732Z,0
c03,012,4eb,p2,2022-03-11T10:13:07.898165232Z,2022-03-11T10:15:06.232144580Z,1
c03,012,4eb,p2,2022-03-11T10:18:19.733117655Z,2022-03-11T10:18:54.066694947Z,1
c03,013,567,p1,2022-03-11T10:09:39.230873541Z,2022-03-11T10:11:48.397789450Z,0
c03,014,5d8,p2,2022-03-11T10:34:22.404874613Z,2022-03-11T10:36:37.406029028Z,0
c03,014,5d8,p2,2022-03-11T10:42:04.907309726Z,2022-03-11T10:43:28.907798777Z,0
c03,014,5d8,p2,2022-03-11T10:45:59.075254102Z,2022-03-11T10:47:03.908935957Z,0
c03,015,68c,p1,2022-03-11T10:12:26.897961826Z,2022-03-11T10:12:45.397981510Z,0
c03,015,68c,p1,2022-03-11T10:27:32.569407742Z,2022-03-11T10:27:41.402663419Z,0
c03,015,68c,p1,2022-03-11T10:30:44.403712864Z,2022-03-11T10:33:14.737868583Z,0
c03,016,699,p2,2022-03-11T10:46:31.409200803Z,2022-03-11T10:47:15.408996654Z,0
c03,016,699,p2,2022-03-11T10:47:45.742901373Z,2022-03-11T10:50:09.076990057Z,0
c03,017,7d3,p2,2022-03-11T10:35:34.071952301Z,2022-03-11T10:36:59.738954110Z,0
c03,018,815,p1,2022-03-11T10:10:33.730699303Z,2022-03-11T10:11:45.064397286Z,0
c03,018,815,p1,2022-03-11T10:12:59.898110887Z,2022-03-11T10:15:18.065509523Z,0
c03,018,815,p1,2022-03-11T10:25:11.735792001Z,2022-03-11T10:25:19.735308122Z,0
c04,001,01e,p1,2022-03-12T10:18:10.157858376Z,2022-03-12T10:18:15.491200833Z,0
c04,001,01e,p1,2022-03-12T10:30:28.328516578Z,2022-03-12T10:33:26.496672301Z,0
c04,002,19f,p1,NA,NA,0
c04,003,2af,p1,2022-03-12T10:20:46.491874614Z,2022-03-12T10:21:02.158681481Z,0
c04,003,2af,p1,2022-03-12T10:53:16.169134580Z,2022-03-12T10:53:42.002578689Z,0
c04,004,2bd,p1,2022-03-12T10:07:51.488087592Z,2022-03-12T10:07:54.321409560Z,0
c04,004,2bd,p1,2022-03-12T10:23:55.159498007Z,2022-03-12T10:24:21.326427333Z,0
c04,005,36f,p2,2022-03-12T10:08:10.988193906Z,2022-03-12T10:08:20.821571403Z,0
c04,005,36f,p2,2022-03-12T10:08:26.654939503Z,2022-03-12T10:09:42.821966781Z,0
c04,005,36f,p2,2022-03-12T10:12:40.822855413Z,2022-03-12T10:16:02.990508516Z,0
c04,006,426,p2,2022-03-12T10:33:00.996079906Z,2022-03-12T10:35:33.996901788Z,0
c04,006,426,p2,2022-03-12T10:36:53.663990079Z,2022-03-12T10:37:33.164211660Z,0
c04,006,426,p2,2022-03-12T10:37:53.830866586Z,2022-03-12T10:38:22.164922213Z,0
c04,007,45a,p1,NA,NA,0
c04,008,4d6,p1,2022-03-12T10:08:17.821513250Z,2022-03-12T10:10:52.988989026Z,0
c04,009,528,p1,2022-03-12T10:18:18.157824655Z,2022-03-12T10:22:16.659054189Z,0
c04,010,538,p2,2022-03-12T10:07:37.988015796Z,2022-03-12T10:07:46.154706791Z,0
c04,011,56a,p2,NA,NA,0
c04,012,645,p2,2022-03-12T10:10:34.322234963Z,2022-03-12T10:11:32.822519404Z,0
c04,012,645,p2,2022-03-12T10:12:55.656281336Z,2022-03-12T10:13:06.822976457Z,0
c04,012,645,p2,2022-03-12T10:13:30.323089572Z,2022-03-12T10:13:41.823136740Z,0
c04,012,645,p2,2022-03-12T10:13:48.489800267Z,2022-03-12T10:14:42.323451608Z,0
c04,012,645,p2,2022-03-12T10:17:51.657762972Z,2022-03-12T10:19:08.825259879Z,0
c04,012,645,p2,2022-03-12T10:27:48.161002295Z,2022-03-12T10:29:27.828226413Z,0
c04,013,646,p2,NA,NA,0
c04,014,656,p2,2022-03-12T10:09:37.321952289Z,2022-03-12T10:09:41.655298489Z,0
c04,015,65d,p2,2022-03-12T10:24:31.493158279Z,2022-03-12T10:26:50.493976107Z,0
c04,015,65d,p2,2022-03-12T10:54:44.169507129Z,2022-03-12T10:55:28.836412346Z,0
c04,016,6db,p1,2022-03-12T10:20:39.325660700Z,2022-03-12T10:21:40.325508231Z,0
c04,016,6db,p1,2022-03-12T10:23:30.159442092Z,2022-03-12T10:24:24.659914991Z,0
c04,017,740,p2,NA,NA,0
c04,018,7dc,p1,NA,NA,0
c06,001,041,p2,NA,NA,0
c06,002,1a8,p2,NA,NA,0
c06,003,272,p2,NA,NA,0
c06,004,2dd,p2,2022-03-17T10:44:45.587093111Z,2022-03-17T10:46:10.920870148Z,0
c06,004,2dd,p2,2022-03-17T10:46:14.920890838Z,2022-03-17T10:46:57.421088960Z,0
c06,004,2dd,p2,2022-03-17T10:48:07.421462579Z,2022-03-17T10:49:21.755113918Z,0
c06,005,413,p1,NA,NA,1
c06,006,449,p1,2022-03-17T10:13:06.910700110Z,2022-03-17T10:13:31.410846058Z,0
c06,006,449,p1,2022-03-17T10:13:48.410848570Z,2022-03-17T10:14:18.577655417Z,0
c06,006,449,p1,2022-03-17T10:14:30.244461346Z,2022-03-17T10:15:21.744704258Z,0
c06,006,449,p1,2022-03-17T10:15:34.911421636Z,2022-03-17T10:16:02.578234438Z,0
c06,006,449,p1,2022-03-17T10:22:33.413484322Z,2022-03-17T10:24:09.080607768Z,0
c06,007,4a5,p1,NA,NA,0
c06,008,4b3,p1,NA,NA,0
c06,009,5bc,p2,NA,NA,0
c06,010,61e,p2,2022-03-17T10:19:26.745868244Z,2022-03-17T10:19:34.745834901Z,0
c06,010,61e,p2,2022-03-17T10:26:01.914481697Z,2022-03-17T10:27:08.248045237Z,0
c06,010,61e,p2,2022-03-17T10:42:32.419650629Z,2022-03-17T10:43:07.753250308Z,0
c06,010,61e,p2,2022-03-17T10:43:17.086545033Z,2022-03-17T10:44:36.420379068Z,0
c06,011,653,p2,NA,NA,0
c06,012,6ad,p1,2022-03-17T10:22:35.080141970Z,2022-03-17T10:22:41.746853249Z,0
c06,012,6ad,p1,2022-03-17T10:30:09.582315438Z,2022-03-17T10:30:32.415672996Z,0
c06,012,6ad,p1,2022-03-17T10:30:42.249130924Z,2022-03-17T10:33:25.083274252Z,0
c06,013,6b1,p1,2022-03-17T10:50:30.088786270Z,2022-03-17T10:59:09.258058201Z,1
c06,014,765,p1,2022-03-17T10:12:49.910696231Z,2022-03-17T10:12:52.410696393Z,0
c06,014,765,p1,2022-03-17T10:26:01.081137335Z,2022-03-17T10:27:01.581284747Z,0
c06,014,765,p1,2022-03-17T10:27:07.914714173Z,2022-03-17T10:27:22.914847363Z,0
c06,014,765,p1,2022-03-17T10:27:35.914834896Z,2022-03-17T10:28:53.415286175Z,0
c06,015,7a2,p1,NA,NA,0
c06,016,80c,p2,NA,NA,0
c07,001,27c,p2,2022-03-18T10:09:57.853537105Z,2022-03-18T10:10:10.186918088Z,1
c07,001,27c,p2,2022-03-18T10:10:21.020311776Z,2022-03-18T10:10:51.020457619Z,1
c07,001,27c,p2,2022-03-18T10:12:44.020971791Z,2022-03-18T10:13:00.854380137Z,1
c07,002,315,p1,2022-03-18T10:09:42.853452595Z,2022-03-18T10:12:03.687455603Z,1
c07,003,397,p1,2022-03-18T10:09:01.353365610Z,2022-03-18T10:09:57.853537105Z,1
c07,004,3a0,p1,2022-03-18T10:11:42.687359064Z,2022-03-18T10:12:29.520929645Z,0
c07,004,3a0,p1,2022-03-18T10:14:25.354834817Z,2022-03-18T10:14:35.521550645Z,0
c07,005,442,p2,2022-03-18T10:45:50.696967661Z,2022-03-18T10:46:40.530544464Z,0
c07,006,49a,p1,2022-03-18T10:41:12.695683729Z,2022-03-18T10:41:40.862502307Z,0
c07,006,49a,p1,2022-03-18T10:43:53.863106594Z,2022-03-18T10:44:39.696851506Z,0
c07,006,49a,p1,2022-03-18T10:46:45.197236958Z,2022-03-18T10:46:53.030547543Z,0
c07,007,4e5,p2,NA,NA,0
c07,008,4f8,p1,2022-03-18T10:18:41.856054210Z,2022-03-18T10:19:20.522880759Z,0
c07,008,4f8,p1,2022-03-18T10:19:36.856285219Z,2022-03-18T10:19:49.189674394Z,0
c07,008,4f8,p1,2022-03-18T10:44:41.196901491Z,2022-03-18T10:46:09.863725591Z,0
c07,009,57e,p2,2022-03-18T10:15:27.188405177Z,2022-03-18T10:16:31.855431774Z,1
c07,009,57e,p2,2022-03-18T10:28:54.525504435Z,2022-03-18T10:31:19.526162096Z,1
c07,010,5b2,p2,2022-03-18T10:08:48.520349410Z,2022-03-18T10:09:00.520404758Z,0
c07,010,5b2,p2,2022-03-18T10:09:19.020002410Z,2022-03-18T10:09:46.353497305Z,0
c07,010,5b2,p2,2022-03-18T10:14:37.021566332Z,2022-03-18T10:16:21.188589633Z,0
c07,011,5b9,p2,2022-03-18T10:08:47.186623052Z,2022-03-18T10:10:25.520344871Z,0
c07,011,5b9,p2,2022-03-18T10:10:54.020452817Z,2022-03-18T10:12:04.354129615Z,0
c07,012,62b,p2,2022-03-18T10:18:18.522475724Z,2022-03-18T10:18:48.856054914Z,1
c07,012,62b,p2,2022-03-18T10:22:15.523624484Z,2022-03-18T10:23:20.023925517Z,1
c07,013,641,p1,2022-03-18T10:17:39.855739165Z,2022-03-18T10:19:30.356269635Z,0
c07,013,641,p1,2022-03-18T10:29:12.026040848Z,2022-03-18T10:29:36.859011423Z,0
c07,014,6c4,p1,2022-03-18T10:08:44.520335434Z,2022-03-18T10:08:49.019948670Z,0
c07,014,6c4,p1,2022-03-18T10:09:21.353371611Z,2022-03-18T10:11:24.187271447Z,0
c07,015,6f0,p1,2022-03-18T10:15:18.688428714Z,2022-03-18T10:15:23.688442181Z,0
c07,015,6f0,p1,2022-03-18T10:22:34.690390592Z,2022-03-18T10:22:37.690391583Z,0
c07,015,6f0,p1,2022-03-18T10:49:40.031655269Z,2022-03-18T10:50:32.865367518Z,0
c07,016,75f,p2,2022-03-18T10:16:17.688698545Z,2022-03-18T10:16:25.188749579Z,1
c07,016,75f,p2,2022-03-18T10:18:24.355877258Z,2022-03-18T10:19:34.522950086Z,1
c07,016,75f,p2,2022-03-18T10:20:13.023529745Z,2022-03-18T10:21:14.190040926Z,1
c08,001,170,p1,NA,NA,0
c08,002,1d1,p1,NA,NA,0
c08,003,289,p1,2022-03-19T10:06:12.995823185Z,2022-03-19T10:08:53.329888132Z,0
c08,004,2f9,p1,NA,NA,0
c08,005,38b,p1,NA,NA,0
c08,006,4c2,p2,2022-03-19T10:05:55.662396803Z,2022-03-19T10:08:15.829650808Z,0
c08,007,5d7,p2,2022-03-19T10:08:44.329832147Z,2022-03-19T10:11:08.330504634Z,0
c08,008,622,p1,2022-03-19T10:42:55.339772940Z,2022-03-19T10:43:02.339800174Z,0
c08,009,666,p2,2022-03-19T10:32:10.169946123Z,2022-03-19T10:33:10.670290832Z,0
c08,009,666,p2,2022-03-19T10:39:51.838908368Z,2022-03-19T10:40:19.505702529Z,0
c08,010,68a,p2,2022-03-19T10:40:07.838955673Z,2022-03-19T10:40:26.672793343Z,0
c08,010,68a,p2,2022-03-19T10:43:05.506472272Z,2022-03-19T10:43:08.006500274Z,0
c08,010,68a,p2,2022-03-19T10:49:53.675005351Z,2022-03-19T10:50:03.008404660Z,0
c08,010,68a,p2,2022-03-19T10:50:09.841772359Z,2022-03-19T10:52:38.675802144Z,0
c08,011,6cd,p2,NA,NA,0
c08,012,737,p2,NA,NA,0
c08,013,795,p1,2022-03-19T10:05:59.495679183Z,2022-03-19T10:07:33.996202652Z,0
c08,013,795,p1,2022-03-19T10:08:09.663046769Z,2022-03-19T10:08:47.163194830Z,0
c08,014,7ef,p2,NA,NA,0
c09,001,017,p2,NA,NA,0
c09,002,1db,p1,NA,NA,0
c09,003,20b,p2,01:22:55.667,01:23:37.667,0
c09,004,238,p1,NA,NA,0
c09,005,255,p2,NA,NA,0
c09,006,257,p1,NA,NA,0
c09,007,27d,p1,NA,NA,0
c09,008,323,p2,01:38:09.833,01:38:30.000,0
c09,009,332,p2,NA,NA,0
c09,010,38f,p1,NA,NA,0
c09,011,3fd,p1,NA,NA,0
c09,012,4c0,p1,01:22:56.000,01:24:59.000,1
c09,012,4c0,p1,01:27:11.500,01:29:18.667,1
c09,013,579,p2,NA,NA,0
c09,014,57f,p1,NA,NA,1
c09,015,5a0,p2,NA,NA,0
c09,016,670,p2,NA,NA,0
c09,017,700,p1,NA,NA,0
c09,018,736,p1,NA,NA,0
c09,019,751,p2,NA,NA,0
c09,020,773,p2,NA,NA,0
c10,001,1ae,p2,2022-03-24T10:40:55.277027993Z,2022-03-24T10:40:58.110421827Z,0
c10,002,1b1,p2,2022-03-24T10:17:06.602341377Z,2022-03-24T10:19:02.269606246Z,0
c10,003,23e,p1,2022-03-24T10:27:58.272845938Z,2022-03-24T10:28:45.772984708Z,0
c10,003,23e,p1,2022-03-24T10:29:06.940299145Z,2022-03-24T10:29:18.773287568Z,0
c10,003,23e,p1,2022-03-24T10:32:38.107745968Z,2022-03-24T10:34:03.941472083Z,0
c10,004,2af,p1,2022-03-24T10:14:26.601592411Z,2022-03-24T10:14:37.601664989Z,0
c10,004,2af,p1,2022-03-24T10:19:45.769930368Z,2022-03-24T10:20:33.603374597Z,0
c10,005,35f,p2,2022-03-24T10:10:59.600556859Z,2022-03-24T10:12:35.934374913Z,0
c10,006,380,p2,2022-03-24T10:19:37.269864637Z,2022-03-24T10:22:07.937356914Z,0
c10,007,387,p2,2022-03-24T10:11:43.267481476Z,2022-03-24T10:11:52.267485931Z,0
c10,008,399,p1,2022-03-24T10:27:17.772559627Z,2022-03-24T10:27:53.106021858Z,0
c10,008,399,p1,2022-03-24T10:27:55.272817808Z,2022-03-24T10:28:14.440005222Z,0
c10,008,399,p1,2022-03-24T10:30:57.273848776Z,2022-03-24T10:32:23.440979554Z,0
c10,009,3b1,p1,2022-03-24T10:23:14.771102638Z,2022-03-24T10:24:08.438135130Z,0
c10,009,3b1,p1,2022-03-24T10:30:21.606977488Z,2022-03-24T10:31:20.607303886Z,0
c10,009,3b1,p1,2022-03-24T10:32:16.774281834Z,2022-03-24T10:32:22.107638384Z,0
c10,009,3b1,p1,2022-03-24T10:48:56.612905949Z,2022-03-24T10:50:05.446605727Z,0
c10,010,3f7,p1,2022-03-24T10:09:33.933463927Z,2022-03-24T10:10:14.933666916Z,0
c10,010,3f7,p1,2022-03-24T10:10:30.100415984Z,2022-03-24T10:11:08.600603246Z,0
c10,010,3f7,p1,2022-03-24T10:11:25.934055813Z,2022-03-24T10:12:05.934230939Z,0
c10,011,508,p1,2022-03-24T10:11:36.267409877Z,2022-03-24T10:12:44.767745077Z,0
c10,012,593,p1,2022-03-24T10:10:23.100377754Z,2022-03-24T10:11:55.767519283Z,0
c10,013,5b2,p1,2022-03-24T10:08:35.433090874Z,2022-03-24T10:09:46.266822569Z,0
c10,013,5b2,p1,2022-03-24T10:09:55.933574064Z,2022-03-24T10:10:09.766980229Z,0
c10,013,5b2,p1,2022-03-24T10:10:23.600380049Z,2022-03-24T10:10:43.267143298Z,0
c10,014,603,p2,2022-03-24T10:08:59.266581777Z,2022-03-24T10:11:08.600603246Z,0
c10,015,62f,p1,NA,NA,1
c10,016,68b,p2,2022-03-24T10:08:54.766601662Z,2022-03-24T10:11:11.100548953Z,0
c10,017,6ca,p2,NA,NA,0
c10,018,7b9,p2,NA,NA,0
c11,001,141,p1,NA,NA,0
c11,002,21f,p2,2022-03-26T10:26:31.094351742Z,2022-03-26T10:26:42.761212626Z,0
c11,002,21f,p2,2022-03-26T10:27:23.428033912Z,2022-03-26T10:30:30.262318221Z,0
c11,002,21f,p2,2022-03-26T10:31:03.929217320Z,2022-03-26T10:31:21.595968198Z,0
c11,002,21f,p2,2022-03-26T10:53:37.269385749Z,2022-03-26T10:55:29.769968038Z,0
c11,003,354,p1,2022-03-26T10:13:53.257254203Z,2022-03-26T10:15:51.091204713Z,0
c11,004,357,p1,2022-03-26T10:13:04.090328388Z,2022-03-26T10:14:05.590594856Z,0
c11,004,357,p1,2022-03-26T10:27:23.594742020Z,2022-03-26T10:28:43.595105529Z,0
c11,005,37e,p2,2022-03-26T10:12:42.256892590Z,2022-03-26T10:14:07.590668874Z,0
c11,006,464,p2,NA,NA,0
c11,007,4c1,p1,2022-03-26T10:14:36.090792932Z,2022-03-26T10:16:31.758049250Z,0
c11,007,4c1,p1,2022-03-26T10:47:07.934073149Z,2022-03-26T10:49:04.934638811Z,0
c11,008,59e,p2,2022-03-26T10:25:26.927892270Z,2022-03-26T10:26:22.594438976Z,0
c11,009,5f7,p1,NA,NA,0
c11,010,668,p2,2022-03-26T10:13:17.257063276Z,2022-03-26T10:15:25.924386292Z,0
c11,010,668,p2,2022-03-26T10:15:56.924526663Z,2022-03-26T10:17:11.758246891Z,0
c11,011,69b,p1,2022-03-26T10:42:50.099384403Z,2022-03-26T10:43:49.933047986Z,0
c11,011,69b,p1,2022-03-26T10:50:54.601904053Z,2022-03-26T10:52:02.268863090Z,0
c11,012,6e4,p2,2022-03-26T10:13:04.757006322Z,2022-03-26T10:13:41.090513890Z,0
c11,013,704,p1,2022-03-26T10:46:55.601137798Z,2022-03-26T10:47:16.934537690Z,0
c11,013,704,p1,2022-03-26T10:50:08.268212893Z,2022-03-26T10:50:41.601854848Z,0
c11,013,704,p1,2022-03-26T10:55:33.103304076Z,2022-03-26T10:56:55.770386134Z,0
c11,013,704,p1,2022-03-26T10:57:16.437180625Z,2022-03-26T10:57:26.603861133Z,0
c11,014,772,p1,NA,NA,0
c11,015,79e,p1,NA,NA,0
c11,016,7f6,p2,NA,NA,0
c11,017,802,p2,2022-03-26T10:26:18.594409257Z,2022-03-26T10:28:02.428292811Z,0
c11,018,813,p2,NA,NA,0
c12,001,02f,p2,00:31:42.000,00:32:46.167,0
c12,001,02f,p2,00:33:33.500,00:34:27.666,0
c12,001,02f,p2,00:35:13.000,00:36:10.500,0
c12,002,0c8,p2,00:53:16.666,00:55:32.833,0
c12,003,0f6,p2,00:41:36.166,00:42:21.833,0
c12,003,0f6,p2,00:43:11.000,00:43:35.666,0
c12,004,0fe,p2,00:36:49.166,00:37:37.333,0
c12,005,1fc,p1,00:31:13.833,00:31:47.167,0
c12,005,1fc,p1,00:41:50.500,00:42:00.833,0
c12,005,1fc,p1,01:01:49.666,01:02:27.500,0
c12,005,1fc,p1,01:02:38.333,01:02:53.666,0
c12,006,20d,p1,00:54:06.166,00:55:36.000,0
c12,007,20e,p2,00:58:03.666,01:00:42.500,0
c12,008,249,p1,00:27:53.000,00:28:39.832,0
c12,008,249,p1,00:30:15.500,00:30:41.500,0
c12,009,2c3,p2,00:29:00.667,00:29:49.500,0
c12,010,36c,p1,00:29:10.333,00:29:39.332,0
c12,010,36c,p1,00:30:29.500,00:31:16.666,0
c12,011,4bf,p2,00:27:56.833,00:28:11.500,0
c12,011,4bf,p2,00:43:26.500,00:43:58.333,0
c12,011,4bf,p2,00:45:13.166,00:46:48.000,0
c12,012,503,p1,00:28:02.832,00:28:06.832,0
c12,012,503,p1,00:28:18.000,00:28:26.832,0
c12,013,51a,p1,00:30:01.000,00:30:23.666,0
c12,013,51a,p1,00:43:41.000,00:45:06.000,0
c12,013,51a,p1,01:12:25.333,01:13:09.833,0
c12,014,53a,p2,NA,NA,0
c12,015,543,p1,00:28:07.666,00:29:00.166,0
c12,015,543,p1,00:29:20.666,00:29:56.666,0
c12,015,543,p1,00:59:48.833,01:00:07.000,0
c12,016,5a8,p2,00:28:12.000,00:28:40.167,0
c12,016,5a8,p2,00:29:13.000,00:29:27.667,0
c12,016,5a8,p2,00:31:49.167,00:32:19.833,0
c12,017,5b3,p2,00:27:56.333,00:28:37.000,0
c12,017,5b3,p2,01:02:10.500,01:03:49.000,0
c12,018,5cf,p1,00:29:16.166,00:30:17.332,0
c12,018,5cf,p1,00:41:45.500,00:42:36.500,0
c12,019,680,p1,00:39:36.833,00:40:29.166,0
c12,019,680,p1,01:00:19.500,01:00:34.666,0
c12,019,680,p1,01:00:40.166,01:00:54.666,0
c12,019,680,p1,01:06:37.666,01:07:32.500,0
c12,020,839,p1,00:31:07.667,00:32:02.500,0
c12,020,839,p1,00:33:41.000,00:34:59.333,0
c13,001,034,p1,00:56:10.166,00:56:38.500,0
c13,001,034,p1,00:58:54.166,00:59:33.000,0
c13,001,034,p1,00:59:35.500,01:00:05.666,0
c13,001,034,p1,01:00:52.333,01:01:25.166,0
c13,002,053,p2,01:01:57.333,01:02:17.666,0
c13,002,053,p2,01:03:20.833,01:03:26.666,0
c13,003,0e9,p1,00:53:38.000,00:54:55.333,0
c13,004,112,p2,00:55:41.500,00:58:26.833,0
c13,005,2e1,p1,00:55:19.166,00:57:00.666,0
c13,006,35b,p1,00:58:38.666,00:59:07.166,0
c13,006,35b,p1,01:00:16.666,01:01:40.000,0
c13,007,3c9,p1,00:54:40.166,00:57:20.500,0
c13,007,3c9,p1,00:59:14.833,00:59:56.500,0
c13,007,3c9,p1,01:02:28.166,01:03:05.833,0
c13,008,3f9,p1,00:59:23.000,01:01:16.000,0
c13,009,497,p2,00:56:27.000,00:58:02.166,0
c13,009,497,p2,00:58:14.166,00:58:34.666,0
c13,009,497,p2,00:59:56.666,01:00:35.500,0
c13,010,4c7,p2,01:11:36.500,01:11:47.833,0
c13,010,4c7,p2,01:12:10.500,01:14:44.000,0
c13,011,4e4,p1,00:55:46.833,00:57:56.166,0
c13,011,4e4,p1,00:59:04.500,00:59:24.833,0
c13,011,4e4,p1,00:59:42.500,01:00:28.333,0
c13,012,5a2,p2,01:04:33.000,01:05:30.333,0
c13,012,5a2,p2,01:06:33.166,01:08:02.333,0
c13,012,5a2,p2,01:17:21.000,01:18:20.500,0
c13,013,6ac,p1,00:53:43.666,00:55:26.000,0
c13,014,6ed,p2,00:56:02.000,00:56:19.166,0
c13,014,6ed,p2,00:56:44.500,00:57:05.500,0
c13,014,6ed,p2,00:57:59.833,00:58:49.000,0
c13,014,6ed,p2,01:03:47.333,01:05:47.500,0
c13,015,6ee,p2,00:55:59.666,00:57:59.166,0
c13,016,73c,p2,00:54:05.666,00:55:02.000,0
c13,016,73c,p2,00:55:46.000,00:56:23.833,0
c13,016,73c,p2,01:14:55.500,01:16:50.500,0
c14,001,133,p1,NA,NA,0
c14,002,167,p2,NA,NA,0
c14,003,1dd,p1,2022-03-31T11:15:38.689730376Z,2022-03-31T11:16:17.689947461Z,0
c14,004,1ee,p1,NA,NA,0
c14,005,265,p2,NA,NA,0
c14,006,28f,p1,NA,NA,0
c14,007,291,p1,NA,NA,0
c14,008,2a6,p2,NA,NA,0
c14,009,366,p2,2022-03-31T11:05:33.186403769Z,2022-03-31T11:06:19.686598027Z,0
c14,009,366,p2,2022-03-31T11:06:29.186727143Z,2022-03-31T11:10:01.687925096Z,0
c14,010,39b,p1,NA,NA,0
c14,011,3a8,p2,NA,NA,0
c14,012,4f7,p2,2022-03-31T11:08:47.020801721Z,2022-03-31T11:11:18.521657478Z,0
c14,013,571,p1,2022-03-31T10:09:49.001098168Z,2022-03-31T10:11:00.334766067Z,0
c14,014,5ad,p1,NA,NA,0
c14,015,5fc,p2,2022-03-31T10:56:48.683402722Z,2022-03-31T10:56:58.350123537Z,0
c14,016,684,p1,2022-03-31T10:06:48.000260441Z,2022-03-31T10:07:59.333884882Z,0
c14,017,731,p2,NA,NA,0
c14,018,7f2,p2,NA,NA,0
c15,001,058,p2,2022-04-01T10:39:06.415607969Z,2022-04-01T10:42:37.083340900Z,0
c15,002,191,p1,NA,NA,0
c15,003,1de,p2,2022-04-01T10:48:07.418512083Z,2022-04-01T10:50:15.752525765Z,0
c15,003,1de,p2,2022-04-01T10:51:40.419671025Z,2022-04-01T10:52:47.753417479Z,0
c15,004,31d,p2,NA,NA,0
c15,005,446,p2,NA,NA,0
c15,006,451,p2,NA,NA,0
c15,007,49c,p2,NA,NA,0
c15,008,49f,p2,NA,NA,0
c15,009,55d,p1,2022-04-01T10:13:17.740514229Z,2022-04-01T10:15:52.908117503Z,0
c15,009,55d,p1,2022-04-01T10:16:08.241537037Z,2022-04-01T10:17:30.409074856Z,0
c15,010,5aa,p1,2022-04-01T11:08:45.925230143Z,2022-04-01T11:10:03.925691526Z,0
c15,010,5aa,p1,2022-04-01T11:11:00.592659858Z,2022-04-01T11:12:43.259871936Z,0
c15,011,648,p2,NA,NA,0
c15,012,691,p1,2022-04-01T10:03:19.570721349Z,2022-04-01T10:04:54.404523772Z,0
c15,012,691,p1,2022-04-01T10:26:49.245051058Z,2022-04-01T10:27:51.411980754Z,0
c15,012,691,p1,2022-04-01T10:29:03.245683747Z,2022-04-01T10:30:09.246091914Z,0
c15,013,7c1,p1,2022-04-01T10:34:53.580934780Z,2022-04-01T10:35:15.248118234Z,0
c15,014,7c4,p1,NA,NA,0
c15,015,809,p1,NA,NA,0
c15,016,82d,p1,NA,NA,0
c16,001,0cb,p2,2022-04-02T10:33:42.132047977Z,2022-04-02T10:38:33.300257577Z,0
c16,002,137,p1,2022-04-02T10:15:56.626521684Z,2022-04-02T10:22:30.128993535Z,0
c16,003,1ce,p1,NA,NA,0
c16,004,293,p1,NA,NA,0
c16,004,4ba,p1,NA,NA,0
c16,005,2ea,p2,2022-04-02T10:39:01.633717033Z,2022-04-02T10:41:45.801468029Z,0
c16,006,3b2,p2,NA,NA,0
c16,007,411,p2,2022-04-02T11:14:24.479043715Z,2022-04-02T11:14:58.145838415Z,0
c16,008,433,p2,2022-04-02T10:14:27.626045222Z,2022-04-02T10:15:49.459813546Z,0
c16,008,433,p2,2022-04-02T11:15:46.646569763Z,2022-04-02T11:21:04.647882331Z,0
c16,009,458,p1,NA,NA,0
c16,010,45c,p1,2022-04-02T11:19:25.814024436Z,2022-04-02T11:23:50.148835646Z,0
c16,011,47a,p1,2022-04-02T10:16:00.793211185Z,2022-04-02T10:20:01.461084182Z,0
c16,011,47a,p1,2022-04-02T10:51:39.471531168Z,2022-04-02T11:00:04.474397692Z,0
c16,013,4da,p1,2022-04-02T10:54:31.805825934Z,2022-04-02T10:59:01.473952495Z,0
c16,014,578,p2,2022-04-02T10:04:57.289588841Z,2022-04-02T10:06:31.123364882Z,0
c16,016,7c9,p1,2022-04-02T10:34:43.632333917Z,2022-04-02T10:35:30.132707550Z,0
c16,016,7c9,p1,2022-04-02T10:37:21.466505664Z,2022-04-02T10:39:19.800482311Z,0
c16,016,7c9,p1,2022-04-02T10:39:39.133921691Z,2022-04-02T10:40:39.301061666Z,0
c16,016,7c9,p1,2022-04-02T10:40:58.134528312Z,2022-04-02T10:41:22.801274861Z,0
c16,016,7c9,p1,2022-04-02T10:45:41.802901560Z,2022-04-02T10:46:06.970123356Z,0
c16,016,7c9,p1,2022-04-02T10:58:55.307273456Z,2022-04-02T11:05:33.976627832Z,0
c16,017,819,p2,NA,NA,0
c16,018,822,p2,NA,NA,0
c17,001,0fc,p2,00:54:25.666,00:55:07.000,0
c17,001,0fc,p2,00:55:39.166,00:57:15.000,0
c17,001,0fc,p2,01:01:17.666,01:02:32.166,0
c17,002,1a0,p2,00:51:10.166,00:52:16.500,0
c17,002,1a0,p2,00:58:33.500,01:00:56.000,0
c17,002,1a0,p2,01:09:43.167,01:10:38.000,0
c17,004,282,p2,00:51:17.500,00:54:04.333,0
c17,007,359,p2,00:51:34.333,00:52:31.333,0
c17,007,359,p2,00:57:17.666,00:59:06.000,0
c17,008,41b,p2,01:02:38.333,01:05:42.666,0
c17,008,41b,p2,01:05:46.666,01:08:47.000,0
c17,009,553,p2,01:16:00.333,01:20:04.833,0
c17,009,553,p2,01:23:54.167,01:25:25.167,0
c17,011,69c,p2,00:51:49.333,00:54:01.000,0
c17,016,815,p2,01:37:07.500,01:37:58.333,0
c17,016,815,p2,01:38:37.833,01:39:08.667,0
c17,003,1ba,p1,01:07:47.666,01:11:34.000,0
c17,003,1ba,p1,01:17:51.667,01:22:03.000,0
c17,005,2ba,p1,00:55:44.833,00:56:45.500,0
c17,005,2ba,p1,00:59:40.500,01:00:13.166,0
c17,005,2ba,p1,01:25:19.500,01:31:19.333,0
c17,006,2c1,p1,00:51:02.833,00:56:47.000,0
c17,010,586,p1,00:59:57.666,01:01:34.333,0
c17,010,586,p1,01:04:09.833,01:05:06.666,0
c17,010,586,p1,01:08:34.833,01:11:50.167,0
c17,012,6ae,p1,00:54:34.666,00:54:47.500,0
c17,012,6ae,p1,00:58:07.333,00:58:40.500,0
c17,012,6ae,p1,01:14:06.500,01:14:27.000,0
c17,013,750,p1,00:51:09.166,00:52:38.166,0
c17,013,750,p1,00:53:10.333,00:53:33.500,0
c17,013,750,p1,00:53:51.833,00:54:11.833,0
c17,013,750,p1,00:57:10.166,00:58:21.000,0
c17,013,750,p1,01:00:00.166,01:00:18.500,0
c17,013,750,p1,01:05:59.333,01:09:37.167,0
c17,013,750,p1,01:29:40.500,01:33:10.000,0
c17,014,786,p1,01:31:12.167,01:35:26.167,0
c17,015,805,p1,00:54:06.833,00:54:42.833,0
c17,015,805,p1,00:58:02.166,00:58:25.500,0
c18,001,135,p2,NA,NA,0
c18,002,276,p1,2022-04-07T10:16:12.382057704Z,2022-04-07T10:17:13.882367310Z,0
c18,002,276,p1,2022-04-07T10:18:57.716333705Z,2022-04-07T10:19:31.716456680Z,0
c18,002,276,p1,2022-04-07T10:22:52.217630953Z,2022-04-07T10:23:52.551227610Z,0
c18,002,276,p1,2022-04-07T10:24:15.218054018Z,2022-04-07T10:26:13.718622784Z,0
c18,003,28d,p2,2022-04-07T10:06:26.379221509Z,2022-04-07T10:13:28.047748599Z,0
c18,004,354,p2,2022-04-07T10:10:27.546942802Z,2022-04-07T10:13:28.047748599Z,0
c18,005,370,p2,2022-04-07T10:24:30.384784447Z,2022-04-07T10:24:58.884916860Z,0
c18,005,370,p2,2022-04-07T10:25:58.551798023Z,2022-04-07T10:26:06.385262076Z,0
c18,005,370,p2,2022-04-07T10:27:36.219007790Z,2022-04-07T10:29:41.886298056Z,0
c18,006,430,p1,2022-04-07T10:15:46.715198743Z,2022-04-07T10:17:04.548989461Z,0
c18,006,430,p1,2022-04-07T10:19:46.383231001Z,2022-04-07T10:21:20.717044972Z,0
c18,006,430,p1,2022-04-07T10:24:20.551341938Z,2022-04-07T10:26:35.885402607Z,0
c18,006,430,p1,2022-04-07T10:32:56.887215702Z,2022-04-07T10:33:10.553956870Z,0
c18,006,430,p1,2022-04-07T10:47:33.057967834Z,2022-04-07T10:48:53.225078897Z,0
c18,007,55b,p1,2022-04-07T10:07:34.712834586Z,2022-04-07T10:08:55.379856538Z,0
c18,007,55b,p1,2022-04-07T10:12:25.547458099Z,2022-04-07T10:14:22.881357632Z,0
c18,007,55b,p1,2022-04-07T10:17:58.715993617Z,2022-04-07T10:20:02.549966780Z,0
c18,007,55b,p1,2022-04-07T10:28:24.552616552Z,2022-04-07T10:31:30.220065525Z,0
c18,008,58c,p2,NA,NA,0
c18,009,59e,p1,2022-04-07T10:10:10.713483818Z,2022-04-07T10:10:47.213669161Z,0
c18,009,59e,p1,2022-04-07T10:11:16.213782477Z,2022-04-07T10:11:24.880517013Z,0
c18,009,59e,p1,2022-04-07T10:13:19.714372459Z,2022-04-07T10:15:41.381842983Z,0
c18,009,59e,p1,2022-04-07T10:17:10.549058475Z,2022-04-07T10:17:24.215777149Z,0
c18,009,59e,p1,2022-04-07T10:22:49.384201065Z,2022-04-07T10:24:11.051330374Z,0
c18,010,62c,p2,NA,NA,0
c18,011,6ec,p1,NA,NA,0
c18,012,80c,p1,2022-04-07T10:06:26.379221509Z,2022-04-07T10:07:19.546086655Z,0
c18,012,80c,p1,2022-04-07T10:07:41.879517980Z,2022-04-07T10:08:47.546468838Z,0
c18,012,80c,p1,2022-04-07T10:10:05.546824149Z,2022-04-07T10:11:22.380515541Z,0
c19,001,09a,p2,NA,NA,0
c19,002,2bf,p1,NA,NA,0
c19,003,38e,p1,2022-04-08T10:08:27.311482215Z,2022-04-08T10:11:33.645604249Z,0
c19,003,38e,p1,2022-04-08T10:33:21.651755011Z,2022-04-08T10:34:50.151742064Z,0
c19,004,40d,p2,NA,NA,0
c19,005,48a,p2,2022-04-08T10:24:04.482244648Z,2022-04-08T10:28:07.483298472Z,0
c19,006,4ba,p1,2022-04-08T10:06:19.977657208Z,2022-04-08T10:08:46.144849066Z,0
c19,007,4dd,p2,2022-04-08T10:10:09.478568455Z,2022-04-08T10:11:38.145628573Z,0
c19,007,4dd,p2,2022-04-08T10:25:58.482784857Z,2022-04-08T10:27:41.816487298Z,0
c19,007,4dd,p2,2022-04-08T10:41:05.986715132Z,2022-04-08T10:43:28.320673165Z,0
c19,008,536,p1,2022-04-08T10:12:52.146027198Z,2022-04-08T10:14:21.313007457Z,0
c19,008,536,p1,2022-04-08T10:14:33.146388333Z,2022-04-08T10:15:08.979928787Z,0
c19,008,536,p1,2022-04-08T10:17:36.313896262Z,2022-04-08T10:18:57.814208749Z,0
c19,008,536,p1,2022-04-08T10:21:10.981503392Z,2022-04-08T10:23:18.148725257Z,0
c19,008,536,p1,2022-04-08T10:28:57.650220343Z,2022-04-08T10:30:49.984039612Z,0
c19,008,536,p1,2022-04-08T10:34:29.818319222Z,2022-04-08T10:36:10.985428858Z,0
c19,008,536,p1,2022-04-08T10:55:51.990839062Z,2022-04-08T10:56:31.990940245Z,0
c19,009,543,p1,2022-04-08T10:20:22.981553231Z,2022-04-08T10:21:00.481463471Z,0
c19,010,55a,p2,2022-04-08T10:08:37.811525469Z,2022-04-08T10:11:50.812763244Z,0
c19,010,55a,p2,2022-04-08T10:27:24.316415781Z,2022-04-08T10:28:06.649997138Z,0
c19,010,55a,p2,2022-04-08T10:31:40.317588584Z,2022-04-08T10:40:20.319844158Z,0
c19,011,673,p1,2022-04-08T10:13:13.812761059Z,2022-04-08T10:14:03.146300607Z,0
c19,011,673,p1,2022-04-08T10:21:15.148128549Z,2022-04-08T10:21:37.148269629Z,0
c19,011,673,p1,2022-04-08T10:22:06.315489863Z,2022-04-08T10:24:07.148919405Z,0
c19,011,673,p1,2022-04-08T10:35:47.485196486Z,2022-04-08T10:40:03.486378307Z,0
c19,011,673,p1,2022-04-08T10:45:54.988047324Z,2022-04-08T10:48:58.655668165Z,0
c19,012,6ad,p1,2022-04-08T10:12:55.146024247Z,2022-04-08T10:13:36.312858429Z,0
c19,012,6ad,p1,2022-04-08T10:15:18.480007877Z,2022-04-08T10:15:49.646765173Z,0
c19,012,6ad,p1,2022-04-08T10:18:57.814208749Z,2022-04-08T10:19:22.647664404Z,0
c19,012,6ad,p1,2022-04-08T10:19:33.481075495Z,2022-04-08T10:20:40.148061862Z,0
c19,012,6ad,p1,2022-04-08T10:21:56.148277690Z,2022-04-08T10:25:11.149216495Z,0
c19,012,6ad,p1,2022-04-08T10:28:12.483333036Z,2022-04-08T10:30:44.150653679Z,0
c19,012,6ad,p1,2022-04-08T10:33:15.984627294Z,2022-04-08T10:34:42.984965089Z,0
c19,013,6cc,p2,2022-04-08T10:27:21.816448720Z,2022-04-08T10:31:06.150762774Z,0
c19,013,6cc,p2,2022-04-08T10:42:37.153812126Z,2022-04-08T10:45:24.154580365Z,0
c19,014,7b3,p2,2022-04-08T10:08:01.811364620Z,2022-04-08T10:09:29.811688876Z,0
c19,014,7b3,p2,2022-04-08T10:12:46.145969222Z,2022-04-08T10:14:18.813037062Z,0
c19,014,7b3,p2,2022-04-08T10:15:41.646747095Z,2022-04-08T10:16:37.980308243Z,0
c19,014,7b3,p2,2022-04-08T10:33:44.318112011Z,2022-04-08T10:36:28.818844274Z,0
c19,014,7b3,p2,2022-04-08T10:52:25.156636823Z,2022-04-08T10:53:49.490327659Z,0
c20,001,027,p2,2022-04-09T10:12:28.018266722Z,2022-04-09T10:18:00.019444903Z,0
c20,001,027,p2,2022-04-09T10:20:26.853415433Z,2022-04-09T10:20:46.520156859Z,0
c20,002,175,p2,2022-04-09T10:32:16.690102285Z,2022-04-09T10:32:49.690260657Z,0
c20,002,175,p2,2022-04-09T10:42:27.860013063Z,2022-04-09T10:44:13.360639348Z,0
c20,002,175,p2,2022-04-09T10:54:45.530595204Z,2022-04-09T10:55:02.363950819Z,0
c20,002,175,p2,2022-04-09T11:05:56.534000572Z,2022-04-09T11:07:20.534410740Z,0
c20,003,1a8,p1,NA,NA,0
c20,003,760,p1,NA,NA,0
c20,004,1dc,p1,2022-04-09T10:08:14.683294822Z,2022-04-09T10:09:51.683806230Z,0
c20,004,1dc,p1,2022-04-09T10:10:56.684505636Z,2022-04-09T10:11:26.350850103Z,0
c20,004,1dc,p1,2022-04-09T10:12:22.517852368Z,2022-04-09T10:14:17.185046462Z,0
c20,005,2f3,p2,NA,NA,0
c20,006,357,p1,NA,NA,0
c20,007,3fb,p2,NA,NA,0
c20,008,4c1,p1,NA,NA,0
c20,009,4d6,p1,NA,NA,0
c20,010,533,p2,2022-04-09T10:44:47.527465862Z,2022-04-09T10:45:19.027603165Z,0
c20,010,533,p2,2022-04-09T10:57:02.364701400Z,2022-04-09T11:00:46.532908609Z,0
c20,010,533,p2,2022-04-09T11:01:03.365874651Z,2022-04-09T11:06:38.534206248Z,0
c20,011,561,p1,2022-04-09T10:15:27.852019105Z,2022-04-09T10:16:11.352686380Z,0
c20,011,561,p1,2022-04-09T10:24:54.521320246Z,2022-04-09T10:35:39.524366811Z,0
c20,012,5ab,p1,2022-04-09T10:09:56.517147096Z,2022-04-09T10:11:58.351057017Z,0
c20,013,601,p1,NA,NA,0
c20,014,614,p2,NA,NA,0
c20,015,756,p2,2022-04-09T10:43:29.527033766Z,2022-04-09T10:44:42.527443341Z,0
c20,015,756,p2,2022-04-09T10:45:49.194466742Z,2022-04-09T10:47:53.528464168Z,0
c20,016,814,p2,NA,NA,0
c21,001,072,p2,00:44:46.833,00:46:55.166,0
c21,001,072,p2,01:17:22.667,01:20:24.833,0
c21,002,0d4,p2,01:02:18.000,01:05:16.833,0
c21,003,0df,p1,00:42:30.500,00:42:48.666,0
c21,003,0df,p1,00:43:02.833,00:43:59.666,0
c21,004,0fa,p2,NA,NA,0
c21,005,1be,p1,00:55:23.500,00:55:34.166,0
c21,005,1be,p1,00:58:35.166,01:03:06.333,0
c21,006,1c8,p2,00:55:39.500,00:59:42.333,0
c21,007,222,p2,00:44:44.500,00:45:43.833,0
c21,007,222,p2,00:46:08.666,00:46:29.000,0
c21,007,222,p2,01:11:28.500,01:12:29.833,0
c21,008,22b,p1,01:07:14.666,01:21:43.500,0
c21,009,3a7,p1,00:47:07.666,00:47:39.833,0
c21,009,3a7,p1,00:47:44.666,00:47:58.666,0
c21,009,3a7,p1,00:49:11.333,00:50:16.833,0
c21,010,3be,p2,00:43:12.833,00:43:23.500,0
c21,010,3be,p2,00:44:08.500,00:45:10.333,0
c21,010,3be,p2,00:51:52.500,00:53:14.500,0
c21,011,4e0,p2,01:02:45.333,01:03:33.500,0
c21,011,4e0,p2,01:04:14.000,01:04:24.000,0
c21,012,54b,p1,NA,NA,0
c21,013,77c,p1,00:44:17.666,00:45:20.833,0
c21,013,77c,p1,00:59:34.666,01:02:14.666,0
c21,014,806,p1,00:43:02.666,00:43:17.500,0
c21,014,806,p1,00:43:27.166,00:43:49.000,0
c22,001,001,p2,2022-04-16T10:13:51.813975447Z,2022-04-16T10:16:04.648107479Z,0
c22,001,001,p2,2022-04-16T10:17:07.481867513Z,2022-04-16T10:19:24.649424817Z,0
c22,001,001,p2,2022-04-16T10:44:01.323238858Z,2022-04-16T10:44:49.656729177Z,0
c22,001,001,p2,2022-04-16T10:45:19.490683674Z,2022-04-16T10:47:22.990741896Z,0
c22,002,088,p2,2022-04-16T10:12:51.313712983Z,2022-04-16T10:14:17.980724149Z,0
c22,002,088,p2,2022-04-16T10:16:13.314861646Z,2022-04-16T10:18:13.482226076Z,0
c22,002,088,p2,2022-04-16T10:24:34.151121942Z,2022-04-16T10:27:18.485276806Z,0
c22,002,088,p2,2022-04-16T10:33:34.987067575Z,2022-04-16T10:35:39.820904316Z,0
c22,002,088,p2,2022-04-16T10:38:45.488420018Z,2022-04-16T10:41:06.655741365Z,0
c22,002,088,p2,2022-04-16T10:47:42.491305911Z,2022-04-16T10:49:50.158315335Z,0
c22,002,088,p2,2022-04-16T10:58:18.661229588Z,2022-04-16T11:00:13.495128440Z,0
c22,003,0cc,p2,NA,NA,0
c22,004,0f3,p1,2022-04-16T10:10:01.813002968Z,2022-04-16T10:10:54.146491670Z,0
c22,004,0f3,p1,2022-04-16T10:12:08.146895132Z,2022-04-16T10:13:21.480541504Z,0
c22,005,1cc,p2,2022-04-16T10:09:19.479557297Z,2022-04-16T10:10:56.313237566Z,0
c22,006,203,p1,2022-04-16T10:35:32.654263168Z,2022-04-16T10:36:06.821084789Z,0
c22,007,215,p2,2022-04-16T10:09:31.312937416Z,2022-04-16T10:10:37.979834308Z,0
c22,008,424,p1,2022-04-16T10:09:17.312891180Z,2022-04-16T10:09:34.979640554Z,0
c22,008,424,p1,2022-04-16T10:09:51.479622112Z,2022-04-16T10:10:30.979802855Z,0
c22,008,424,p1,2022-04-16T10:11:17.313323677Z,2022-04-16T10:11:34.646683985Z,0
c22,009,426,p1,2022-04-16T10:26:55.818402941Z,2022-04-16T10:33:27.320760105Z,0
c22,010,42a,p1,2022-04-16T10:12:49.813728089Z,2022-04-16T10:13:09.147105083Z,0
c22,010,42a,p1,2022-04-16T10:17:31.148687407Z,2022-04-16T10:19:57.816285736Z,0
c22,010,42a,p1,2022-04-16T10:23:47.484187461Z,2022-04-16T10:25:14.318004846Z,0
c22,011,474,p2,NA,NA,0
c22,012,483,p1,2022-04-16T10:09:46.146219637Z,2022-04-16T10:10:39.813174529Z,0
c22,012,483,p1,2022-04-16T10:11:07.313285692Z,2022-04-16T10:11:51.313444790Z,0
c22,012,483,p1,2022-04-16T10:59:07.828038315Z,2022-04-16T11:00:20.328467623Z,0
c22,013,4e9,p2,2022-04-16T10:08:54.646127486Z,2022-04-16T10:12:01.313444334Z,0
c22,014,51b,p2,2022-04-16T10:09:22.646256764Z,2022-04-16T10:09:46.146219637Z,0
c22,014,51b,p2,2022-04-16T10:09:51.812979087Z,2022-04-16T10:10:39.646494663Z,0
c22,014,51b,p2,2022-04-16T10:11:21.646671568Z,2022-04-16T10:11:39.146761596Z,0
c22,014,51b,p2,2022-04-16T10:26:56.485074435Z,2022-04-16T10:28:45.985700495Z,0
c22,014,51b,p2,2022-04-16T10:29:23.319084829Z,2022-04-16T10:30:10.652769193Z,0
c22,014,51b,p2,2022-04-16T10:36:07.321086996Z,2022-04-16T10:37:54.154924505Z,0
c22,015,565,p1,2022-04-16T10:19:03.482586664Z,2022-04-16T10:21:00.316631218Z,0
c22,016,6bc,p1,2022-04-16T10:09:05.979532007Z,2022-04-16T10:10:17.646340341Z,0
c23,001,01b,p1,2022-04-19T10:09:12.813526382Z,2022-04-19T10:10:38.647299119Z,0
c23,001,01b,p1,2022-04-19T10:11:03.647306360Z,2022-04-19T10:11:57.147571069Z,0
c23,001,01b,p1,2022-04-19T10:19:13.149500419Z,2022-04-19T10:19:32.649584377Z,0
c23,002,133,p1,2022-04-19T10:51:15.323659372Z,2022-04-19T10:52:31.490522841Z,0
c23,003,18e,p1,2022-04-19T10:44:43.488683012Z,2022-04-19T10:56:09.824844302Z,0
c23,004,1bc,p1,2022-04-19T10:10:27.313804663Z,2022-04-19T10:10:31.147165439Z,0
c23,004,1bc,p1,2022-04-19T10:10:35.313884869Z,2022-04-19T10:11:14.480643823Z,0
c23,004,1bc,p1,2022-04-19T10:12:46.647791359Z,2022-04-19T10:13:11.647859700Z,0
c23,004,1bc,p1,2022-04-19T10:14:28.148279714Z,2022-04-19T10:15:07.815148128Z,0
c23,005,26a,p2,2022-04-19T10:15:19.481841592Z,2022-04-19T10:15:40.981935181Z,0
c23,005,26a,p2,2022-04-19T10:44:40.322038402Z,2022-04-19T10:46:13.822431072Z,0
c23,006,274,p1,2022-04-19T10:14:45.315423554Z,2022-04-19T10:15:27.981817628Z,0
c23,006,274,p1,2022-04-19T10:21:54.650183735Z,2022-04-19T10:23:55.484445101Z,0
c23,006,274,p1,2022-04-19T10:33:22.819496131Z,2022-04-19T10:36:01.653412978Z,0
c23,007,326,p2,2022-04-19T10:09:06.646842873Z,2022-04-19T10:10:25.480508558Z,0
c23,007,326,p2,2022-04-19T10:10:59.647318321Z,2022-04-19T10:12:07.314286476Z,0
c23,007,326,p2,2022-04-19T10:14:42.981675116Z,2022-04-19T10:15:41.148590594Z,0
c23,008,3cc,p2,2022-04-19T10:10:07.480435344Z,2022-04-19T10:10:48.647281494Z,0
c23,008,3cc,p2,2022-04-19T10:11:09.814029716Z,2022-04-19T10:11:23.480756281Z,0
c23,008,3cc,p2,2022-04-19T10:23:57.150551536Z,2022-04-19T10:27:01.818097403Z,0
c23,008,3cc,p2,2022-04-19T10:28:28.651765004Z,2022-04-19T10:32:27.485966603Z,0
c23,009,55e,p2,2022-04-19T10:13:54.648071063Z,2022-04-19T10:15:35.981897288Z,0
c23,010,587,p1,2022-04-19T10:10:48.980615946Z,2022-04-19T10:12:55.314481797Z,0
c23,010,587,p1,2022-04-19T10:21:43.150110895Z,2022-04-19T10:24:05.484038786Z,0
c23,011,5c7,p2,NA,NA,0
c23,012,676,p2,2022-04-19T10:09:28.813585933Z,2022-04-19T10:10:11.813776544Z,0
c23,012,676,p2,2022-04-19T10:17:16.649010275Z,2022-04-19T10:18:50.316083648Z,0
c23,012,676,p2,2022-04-19T10:19:46.149610788Z,2022-04-19T10:20:51.816586733Z,0
c23,013,75b,p1,2022-04-19T10:11:08.314025686Z,2022-04-19T10:11:40.314153003Z,0
c23,013,75b,p1,2022-04-19T10:12:52.647809225Z,2022-04-19T10:14:10.481543129Z,0
c23,014,77b,p2,2022-04-19T10:48:36.489666574Z,2022-04-19T10:51:24.824119220Z,0
c23,014,77b,p2,2022-04-19T10:53:18.490805907Z,2022-04-19T10:54:12.324344365Z,0
c23,014,77b,p2,2022-04-19T10:56:36.824947716Z,2022-04-19T10:57:57.825281823Z,0
c24,001,041,p1,2022-04-17T10:11:31.932244164Z,2022-04-17T10:14:11.433014279Z,0
c24,001,041,p1,2022-04-17T10:18:36.267605269Z,2022-04-17T10:20:10.434742334Z,0
c24,001,041,p1,2022-04-17T10:21:29.435509275Z,2022-04-17T10:24:51.769268944Z,0
c24,002,084,p2,2022-04-17T10:28:31.936957477Z,2022-04-17T10:32:42.938026444Z,0
c24,002,084,p2,2022-04-17T10:32:53.271390937Z,2022-04-17T10:36:16.105565493Z,0
c24,003,09e,p2,2022-04-17T10:08:07.597835559Z,2022-04-17T10:08:25.264622902Z,0
c24,003,09e,p2,2022-04-17T10:09:10.931949669Z,2022-04-17T10:09:40.264971586Z,0
c24,003,09e,p2,2022-04-17T10:11:41.765595143Z,2022-04-17T10:22:32.935408286Z,0
c24,004,12b,p2,NA,NA,0
c24,005,1b7,p1,2022-04-17T10:07:50.264401588Z,2022-04-17T10:09:43.264985338Z,0
c24,005,1b7,p1,2022-04-17T10:10:02.098363281Z,2022-04-17T10:11:07.098702674Z,0
c24,005,1b7,p1,2022-04-17T10:26:09.769667353Z,2022-04-17T10:26:56.603127617Z,0
c24,006,1d4,p2,2022-04-17T10:37:17.105768847Z,2022-04-17T10:37:24.606277111Z,0
c24,007,1f3,p1,NA,NA,0
c24,008,205,p2,NA,NA,0
c24,009,408,p2,2022-04-17T10:09:25.264925160Z,2022-04-17T10:10:18.265154722Z,0
c24,009,408,p2,2022-04-17T10:10:50.598710944Z,2022-04-17T10:12:37.099213065Z,0
c24,009,408,p2,2022-04-17T10:14:44.099818227Z,2022-04-17T10:17:30.600683888Z,0
c24,009,408,p2,2022-04-17T10:23:48.269050836Z,2022-04-17T10:34:42.605187972Z,0
c24,010,522,p1,2022-04-17T10:09:50.264992611Z,2022-04-17T10:16:06.100279233Z,0
c24,010,522,p1,2022-04-17T10:16:51.767159431Z,2022-04-17T10:17:49.267436540Z,0
c24,010,522,p1,2022-04-17T10:18:43.434348589Z,2022-04-17T10:24:58.103105440Z,0
c24,010,522,p1,2022-04-17T10:25:37.936643592Z,2022-04-17T10:27:39.270059628Z,0
c24,010,522,p1,2022-04-17T10:36:10.272169193Z,2022-04-17T10:36:29.772302908Z,0
c24,010,522,p1,2022-04-17T10:37:31.939644516Z,2022-04-17T10:45:16.775164247Z,0
c24,011,5ed,p1,2022-04-17T10:46:11.442024209Z,2022-04-17T10:52:04.610642406Z,0
c24,011,5ed,p1,2022-04-17T10:52:18.777359255Z,2022-04-17T10:58:27.279575437Z,0
c24,012,624,p1,2022-04-17T10:15:28.766716373Z,2022-04-17T10:18:14.267545260Z,0
c24,012,624,p1,2022-04-17T10:18:20.434260863Z,2022-04-17T10:27:07.769894578Z,0
c24,013,7f4,p1,2022-04-17T10:30:27.104110334Z,2022-04-17T10:30:59.771312257Z,0
c24,013,7f4,p1,2022-04-17T10:32:04.604510196Z,2022-04-17T10:33:09.938120421Z,0
c24,013,7f4,p1,2022-04-17T10:36:31.772310414Z,2022-04-17T10:37:43.105892747Z,0
c24,013,7f4,p1,2022-04-17T10:49:09.443054486Z,2022-04-17T10:52:26.944120091Z,0
c24,014,7f6,p2,2022-04-17T10:08:18.431251415Z,2022-04-17T10:08:37.431373345Z,0
c24,014,7f6,p2,2022-04-17T10:09:08.931532131Z,2022-04-17T10:09:30.431555415Z,0
c24,014,7f6,p2,2022-04-17T10:09:40.098312759Z,2022-04-17T10:10:18.931845099Z,0
c24,014,7f6,p2,2022-04-17T10:11:42.765613235Z,2022-04-17T10:14:22.266400007Z,0
c24,014,7f6,p2,2022-04-17T10:17:58.934096190Z,2022-04-17T10:41:05.440130632Z,0
c24,015,80a,p1,2022-04-17T10:09:38.931628741Z,2022-04-17T10:12:34.432513731Z,0
c24,015,80a,p1,2022-04-17T10:16:52.767100812Z,2022-04-17T10:19:02.434893500Z,0
c24,015,80a,p1,2022-04-17T10:22:54.935497240Z,2022-04-17T10:53:46.777860465Z,0
c24,016,81f,p2,2022-04-17T10:27:23.936668606Z,2022-04-17T10:31:37.437698158Z,0
c24,016,81f,p2,2022-04-17T10:53:56.111263814Z,2022-04-17T10:54:04.111261049Z,0
c24,016,81f,p2,2022-04-17T10:56:40.612044891Z,2022-04-17T10:57:40.112277434Z,0
c25,001,100,p1,2022-04-20T10:22:21.478894484Z,2022-04-20T10:22:33.812269129Z,0
c25,001,100,p1,2022-04-20T10:40:28.817049237Z,2022-04-20T10:41:56.650774924Z,0
c25,002,013,p1,2022-04-20T10:22:30.478940946Z,2022-04-20T10:23:35.645790004Z,0
c25,002,013,p1,2022-04-20T10:26:03.479888293Z,2022-04-20T10:27:20.646919541Z,0
c25,002,013,p1,2022-04-20T10:27:51.480490545Z,2022-04-20T10:28:41.313944078Z,0
c25,005,212,p1,2022-04-20T10:11:33.309509167Z,2022-04-20T10:12:31.643166553Z,0
c25,005,212,p1,2022-04-20T10:12:55.143269454Z,2022-04-20T10:13:55.143478550Z,0
c25,005,212,p1,2022-04-20T10:40:19.483724736Z,2022-04-20T10:40:32.483773221Z,0
c25,005,212,p1,2022-04-20T10:40:44.817066309Z,2022-04-20T10:42:30.650869476Z,0
c25,005,212,p1,2022-04-20T10:44:22.151335742Z,2022-04-20T10:45:29.984864147Z,0
c25,005,212,p1,2022-04-20T10:50:54.652787629Z,2022-04-20T10:51:38.819644101Z,0
c25,005,212,p1,2022-04-20T10:59:24.988111068Z,2022-04-20T11:03:12.989139350Z,0
c25,009,34e,p1,NA,NA,0
c25,011,393,p1,2022-04-20T10:11:04.642826701Z,2022-04-20T10:12:21.809773112Z,0
c25,013,3ba,p1,2022-04-20T10:12:23.476437771Z,2022-04-20T10:12:35.643124504Z,0
c25,013,3ba,p1,2022-04-20T10:55:45.653857102Z,2022-04-20T10:57:10.154209924Z,0
c25,013,3ba,p1,2022-04-20T11:00:23.321701067Z,2022-04-20T11:04:18.989477207Z,0
c25,014,3bc,p1,2022-04-20T10:10:53.809487868Z,2022-04-20T10:12:08.643036781Z,0
c25,014,3bc,p1,2022-04-20T10:14:00.643503333Z,2022-04-20T10:14:38.143572094Z,0
c25,014,3bc,p1,2022-04-20T10:52:52.653235012Z,2022-04-20T10:54:33.820273462Z,0
c25,014,3bc,p1,2022-04-20T10:59:20.821459729Z,2022-04-20T11:01:35.988767395Z,0
c25,014,3bc,p1,2022-04-20T11:01:52.322577398Z,2022-04-20T11:03:30.989213448Z,0
c25,016,3bf,p1,2022-04-20T10:16:05.810688154Z,2022-04-20T10:17:04.144210133Z,0
c25,016,3bf,p1,2022-04-20T10:27:41.813786442Z,2022-04-20T10:29:06.980773709Z,0
c25,003,170,p2,2022-04-20T10:12:18.809754626Z,2022-04-20T10:12:36.976489859Z,0
c25,003,170,p2,2022-04-20T10:13:19.309961187Z,2022-04-20T10:15:33.143860309Z,0
c25,003,170,p2,2022-04-20T10:16:57.977616347Z,2022-04-20T10:17:23.477707854Z,0
c25,003,170,p2,2022-04-20T10:20:40.811748072Z,2022-04-20T10:20:53.478547008Z,0
c25,003,170,p2,2022-04-20T10:21:12.811939397Z,2022-04-20T10:21:30.978677738Z,0
c25,003,170,p2,2022-04-20T10:24:59.646297100Z,2022-04-20T10:25:56.313711125Z,0
c25,004,19c,p2,2022-04-20T10:13:28.976643034Z,2022-04-20T10:13:48.643460908Z,0
c25,004,19c,p2,2022-04-20T10:14:56.977058882Z,2022-04-20T10:15:08.643772334Z,0
c25,004,19c,p2,2022-04-20T10:16:09.810695907Z,2022-04-20T10:16:20.144047993Z,0
c25,004,19c,p2,2022-04-20T10:16:58.644275323Z,2022-04-20T10:17:16.311467324Z,0
c25,004,19c,p2,2022-04-20T10:19:47.644947103Z,2022-04-20T10:20:07.811687028Z,0
c25,004,19c,p2,2022-04-20T10:22:18.478825857Z,2022-04-20T10:23:46.479241285Z,0
c25,004,19c,p2,2022-04-20T10:26:27.480015652Z,2022-04-20T10:29:36.980918362Z,0
c25,006,239,p2,NA,NA,0
c25,007,257,p2,NA,NA,0
c25,008,323,p2,2022-04-20T10:14:53.310369200Z,2022-04-20T10:15:42.977268727Z,0
c25,008,323,p2,2022-04-20T10:16:20.977385974Z,2022-04-20T10:16:53.644134531Z,0
c25,008,323,p2,2022-04-20T10:24:10.812718001Z,2022-04-20T10:26:45.813481755Z,0
c25,008,323,p2,2022-04-20T10:34:31.149367161Z,2022-04-20T10:35:52.982627311Z,0
c25,008,323,p2,2022-04-20T10:37:30.316359108Z,2022-04-20T10:41:06.983915348Z,0
c25,008,323,p2,2022-04-20T10:46:05.151719803Z,2022-04-20T10:47:49.152125619Z,0
c25,010,383,p2,2022-04-20T10:11:47.976310497Z,2022-04-20T10:13:04.309943892Z,0
c25,010,383,p2,2022-04-20T11:00:31.321666815Z,2022-04-20T11:01:23.822034684Z,0
c25,012,3af,p2,2022-04-20T10:14:55.143641749Z,2022-04-20T10:15:47.643913018Z,0
c25,012,3af,p2,2022-04-20T10:16:18.144042028Z,2022-04-20T10:16:38.310796048Z,0
c25,012,3af,p2,2022-04-20T10:17:16.144358036Z,2022-04-20T10:17:31.644403564Z,0
c25,012,3af,p2,2022-04-20T10:17:45.311117421Z,2022-04-20T10:18:03.477852235Z,0
c25,012,3af,p2,2022-04-20T10:18:21.977940261Z,2022-04-20T10:19:11.478141298Z,0
c25,015,3bd,p2,NA,NA,0
c26,001,03e,p1,NA,NA,0
c26,002,139,p1,2022-04-21T10:30:39.020941423Z,2022-04-21T10:36:43.688965821Z,0
c26,003,151,p2,2022-04-21T10:17:28.850812999Z,2022-04-21T10:18:46.851107783Z,0
c26,003,151,p2,2022-04-21T10:20:40.518364570Z,2022-04-21T10:21:35.685286150Z,0
c26,004,173,p2,2022-04-21T10:16:52.850612336Z,2022-04-21T10:18:05.517544827Z,0
c26,004,173,p2,2022-04-21T10:23:57.185909103Z,2022-04-21T10:24:40.519398945Z,0
c26,005,1ba,p1,2022-04-21T10:16:58.017287716Z,2022-04-21T10:18:11.684278508Z,0
c26,007,1d1,p1,2022-04-21T10:17:30.517423782Z,2022-04-21T10:18:52.017803079Z,0
c26,008,1d9,p2,2022-04-21T10:17:35.350731466Z,2022-04-21T10:17:43.684124610Z,0
c26,009,1fd,p2,2022-04-21T10:23:42.852588810Z,2022-04-21T10:24:13.352678944Z,0
c26,010,22e,p1,NA,NA,0
c26,011,23a,p2,2022-04-21T10:38:29.856178988Z,2022-04-21T10:39:43.523159672Z,0
c26,011,23a,p2,2022-04-21T10:40:19.689915504Z,2022-04-21T10:40:34.689987701Z,0
c26,011,23a,p2,2022-04-21T11:04:22.028556051Z,2022-04-21T11:06:39.029076606Z,0
c26,012,241,p1,NA,NA,0
c26,013,333,p2,2022-04-21T10:17:07.683966891Z,2022-04-21T10:18:06.350889470Z,0
c26,013,333,p2,2022-04-21T10:19:07.351194133Z,2022-04-21T10:20:17.018241442Z,0
c26,013,333,p2,2022-04-21T10:37:43.522662260Z,2022-04-21T10:40:07.523203814Z,0
c26,013,333,p2,2022-04-21T10:40:21.689904292Z,2022-04-21T10:41:07.023415498Z,0
c26,013,333,p2,2022-04-21T10:41:54.356923864Z,2022-04-21T10:42:32.357099144Z,0
c26,013,333,p2,2022-04-21T10:47:07.858171096Z,2022-04-21T10:47:58.858228371Z,0
c26,013,333,p2,2022-04-21T10:51:09.359192882Z,2022-04-21T10:53:45.692901927Z,0
c26,014,38a,p1,2022-04-21T10:16:50.017250335Z,2022-04-21T10:16:59.517281542Z,0
c26,014,38a,p1,2022-04-21T11:00:48.361064512Z,2022-04-21T11:02:51.361579098Z,0
c26,015,390,p2,2022-04-21T10:28:25.187105886Z,2022-04-21T10:29:50.020802333Z,0
c26,015,390,p2,2022-04-21T10:32:02.521345955Z,2022-04-21T10:32:19.188097493Z,0
c26,016,3b6,p2,2022-04-21T10:16:50.850590628Z,2022-04-21T10:17:37.184040699Z,0
c26,016,3b6,p2,2022-04-21T10:17:44.850837656Z,2022-04-21T10:17:53.350831133Z,0
c26,016,3b6,p2,2022-04-21T10:18:42.184406028Z,2022-04-21T10:19:24.184621475Z,0
c26,016,3b6,p2,2022-04-21T10:31:26.521185446Z,2022-04-21T10:33:28.688337070Z,0
c26,017,82e,p1,2022-04-21T10:26:41.686610372Z,2022-04-21T10:29:17.687358949Z,0
c26,017,82e,p1,2022-04-21T10:32:28.354767829Z,2022-04-21T10:33:04.854906796Z,0
c26,017,82e,p1,2022-04-21T10:35:15.355416924Z,2022-04-21T10:36:03.022275644Z,0
c26,017,82e,p1,2022-04-21T10:52:49.359437548Z,2022-04-21T10:54:21.859776056Z,0
c26,017,82e,p1,2022-04-21T10:58:45.360691735Z,2022-04-21T11:04:06.528499905Z,0
c27,001,008,p2,2022-04-23T10:16:26.631489141Z,2022-04-23T10:17:01.464986497Z,0
c27,001,008,p2,2022-04-23T10:17:53.798480607Z,2022-04-23T10:18:12.465253206Z,0
c27,001,008,p2,2022-04-23T10:18:33.632059877Z,2022-04-23T10:19:09.965515819Z,0
c27,001,008,p2,2022-04-23T10:20:07.132430916Z,2022-04-23T10:20:26.465871290Z,0
c27,002,0ec,p1,2022-04-23T10:19:31.798935621Z,2022-04-23T10:21:28.466148682Z,0
c27,003,12e,p1,2022-04-23T10:20:47.465936856Z,2022-04-23T10:22:47.299846405Z,0
c27,004,14f,p2,2022-04-23T10:23:20.633291979Z,2022-04-23T10:25:02.133822935Z,0
c27,005,15f,p2,NA,NA,0
c27,006,194,p2,2022-04-23T10:20:18.465814496Z,2022-04-23T10:20:35.132520976Z,0
c27,006,194,p2,2022-04-23T10:20:50.299270824Z,2022-04-23T10:21:04.466031208Z,0
c27,006,194,p2,2022-04-23T10:25:13.633875476Z,2022-04-23T10:27:32.801269361Z,0
c27,006,194,p2,2022-04-23T10:43:18.472353397Z,2022-04-23T10:45:02.639509131Z,0
c27,006,194,p2,2022-04-23T10:53:42.143150221Z,2022-04-23T10:54:23.976813302Z,0
c27,007,1bf,p2,2022-04-23T10:20:10.632445222Z,2022-04-23T10:20:57.299335836Z,0
c27,007,1bf,p2,2022-04-23T10:31:41.302438850Z,2022-04-23T10:34:41.636518082Z,0
c27,007,1bf,p2,2022-04-23T10:36:07.803668262Z,2022-04-23T10:38:18.304285153Z,0
c27,008,1fe,p1,NA,NA,0
c27,009,21f,p2,2022-04-23T10:24:04.966966650Z,2022-04-23T10:24:57.300475711Z,0
c27,009,21f,p2,2022-04-23T10:47:48.474077956Z,2022-04-23T10:51:28.142197154Z,0
c27,009,21f,p2,2022-04-23T10:57:29.144695953Z,2022-04-23T10:59:14.145339326Z,0
c27,010,258,p2,2022-04-23T10:17:07.631907410Z,2022-04-23T10:19:30.965554101Z,0
c27,011,296,p2,2022-04-23T10:19:22.798821913Z,2022-04-23T10:20:04.632415669Z,0
c27,012,2a3,p1,2022-04-23T10:15:52.131337101Z,2022-04-23T10:16:07.798076977Z,0
c27,013,33f,p1,2022-04-23T10:57:41.811429622Z,2022-04-23T10:58:13.312044468Z,0
c27,014,355,p1,NA,NA,0
c27,015,38c,p1,2022-04-23T10:18:39.132013864Z,2022-04-23T10:19:56.465708001Z,0
c27,015,38c,p1,2022-04-23T10:22:25.133109952Z,2022-04-23T10:23:11.466632927Z,0
c27,015,38c,p1,2022-04-23T10:26:36.634361412Z,2022-04-23T10:29:27.301820436Z,0
c27,015,38c,p1,2022-04-23T10:35:23.136792341Z,2022-04-23T10:50:19.474989265Z,0
c27,016,3a9,p1,NA,NA,0
c28,001,02e,p1,2022-04-23T10:58:24.641690765Z,2022-04-23T11:00:29.142230326Z,0
c28,001,02e,p1,2022-04-23T11:06:59.143957681Z,2022-04-23T11:07:43.477477333Z,0
c28,002,062,p1,2022-04-23T10:35:38.968311523Z,2022-04-23T10:38:50.802392262Z,0
c28,003,072,p2,NA,NA,0
c28,004,0a1,p2,2022-04-23T10:22:07.631800531Z,2022-04-23T10:22:42.965235865Z,0
c28,004,0a1,p2,2022-04-23T10:23:37.798828456Z,2022-04-23T10:24:26.799004756Z,0
c28,004,0a1,p2,2022-04-23T10:26:36.132887073Z,2022-04-23T10:27:17.799686341Z,0
c28,005,12b,p1,2022-04-23T10:19:13.797823649Z,2022-04-23T10:19:43.631242872Z,0
c28,005,12b,p1,2022-04-23T10:19:53.131297082Z,2022-04-23T10:20:16.464639765Z,0
c28,005,12b,p1,2022-04-23T10:21:59.798443042Z,2022-04-23T10:23:15.965403425Z,0
c28,005,12b,p1,2022-04-23T10:41:29.636663925Z,2022-04-23T10:46:58.805120410Z,0
c28,006,199,p1,2022-04-23T10:18:53.631065141Z,2022-04-23T10:20:31.798120923Z,0
c28,006,199,p1,2022-04-23T10:24:05.298905545Z,2022-04-23T10:24:05.965612314Z,0
c28,006,199,p1,2022-04-23T10:24:04.965576381Z,2022-04-23T10:28:26.799932214Z,0
c28,006,199,p1,2022-04-23T11:00:52.309002905Z,2022-04-23T11:01:59.975976220Z,0
c28,007,19e,p1,2022-04-23T10:30:29.800395210Z,2022-04-23T10:30:50.800520878Z,0
c28,007,19e,p1,2022-04-23T10:38:35.135667106Z,2022-04-23T10:39:14.969242794Z,0
c28,007,19e,p1,2022-04-23T10:59:12.141780721Z,2022-04-23T11:00:15.475510189Z,0
c28,007,19e,p1,2022-04-23T11:07:11.310676012Z,2022-04-23T11:10:15.144820728Z,0
c28,008,1b3,p2,NA,NA,0
c28,009,267,p2,2022-04-23T10:24:03.965577765Z,2022-04-23T10:25:08.299113980Z,0
c28,009,267,p2,2022-04-23T10:29:35.800265181Z,2022-04-23T10:30:50.300462223Z,0
c28,010,26c,p1,2022-04-23T10:21:39.798363199Z,2022-04-23T10:22:12.131805223Z,0
c28,010,26c,p1,2022-04-23T10:22:54.631975608Z,2022-04-23T10:23:56.965525459Z,0
c28,010,26c,p1,2022-04-23T10:27:06.299631882Z,2022-04-23T10:28:39.633291248Z,0
c28,011,27f,p2,NA,NA,0
c28,012,286,p2,2022-04-23T10:19:51.964604544Z,2022-04-23T10:20:23.631399163Z,0
c28,013,330,p1,NA,NA,0
c28,014,352,p2,2022-04-23T10:21:35.964967756Z,2022-04-23T10:22:09.965145172Z,0
c28,015,36c,p1,2022-04-23T10:23:02.632008414Z,2022-04-23T10:24:18.798939087Z,0
c28,015,36c,p1,2022-04-23T10:24:24.632320547Z,2022-04-23T10:28:15.133261826Z,0
c28,016,3cc,p2,2022-04-23T10:24:54.299096706Z,2022-04-23T10:25:22.965811118Z,0
c28,016,3cc,p2,2022-04-23T10:26:00.466091217Z,2022-04-23T10:26:57.466733944Z,0
c28,016,3cc,p2,2022-04-23T10:51:51.806476775Z,2022-04-23T10:54:39.307315091Z,0
c05,001,024,p2,01:21:54.833,01:22:17.167,0
c05,001,024,p2,01:23:35.000,01:25:02.667,0
c05,002,1ce,p1,00:55:41.500,00:56:32.500,0
c05,003,285,p2,01:36:21.333,01:37:13.500,0
c05,003,285,p2,01:38:44.833,01:38:54.333,0
c05,004,2db,p2,00:51:51.333,00:52:16.500,0
c05,004,2db,p2,00:52:28.666,00:52:38.333,0
c05,004,2db,p2,00:53:41.333,00:56:23.833,0
c05,005,2f6,p2,01:19:39.833,01:20:10.667,0
c05,005,2f6,p2,01:21:11.667,01:21:40.833,0
c05,006,30a,p1,00:55:34.500,00:57:06.166,0
c05,007,32d,p1,00:56:25.833,00:57:29.000,0
c05,008,447,p1,NA,NA,0
c05,009,4fb,p2,00:53:06.666,00:55:38.833,0
c05,010,500,p2,00:59:56.833,01:01:33.666,0
c05,010,500,p2,01:02:21.500,01:03:52.666,0
c05,010,500,p2,01:20:02.167,01:20:51.333,0
c05,010,500,p2,01:25:36.000,01:26:25.167,0
c05,010,500,p2,01:34:02.333,01:37:04.667,0
c05,011,54f,p2,00:56:30.166,01:38:51.667,1
c05,012,670,p2,00:51:47.333,00:52:33.500,0
c05,012,670,p2,00:52:53.000,00:55:23.000,0
c05,012,670,p2,01:07:44.333,01:09:30.833,0
c05,013,734,p1,00:52:38.333,00:54:57.833,0
c05,013,734,p1,00:59:58.666,01:00:50.833,0
c05,014,754,p1,01:02:17.666,01:05:27.833,0
c05,014,754,p1,01:08:16.667,01:10:09.833,0
c05,015,7c7,p1,01:02:47.333,01:02:52.333,0
c05,016,840,p1,00:58:39.166,00:59:51.833,0
