concentration,petri_dish,colony,ant_ID,survival,censor
0,P1,C1,1,12,0
0,P1,C1,2,12,0
0,P1,C1,3,12,0
0,P1,C1,4,12,0
0,P1,C1,5,12,0
0,P1,C1,6,12,0
0,P1,C1,7,12,0
0,P1,C1,8,12,0
0,P1,C1,9,12,0
0,P1,C1,10,12,0
0,P1,C1,11,12,0
0,P1,C1,12,12,0
0,P1,C1,13,12,0
0,P1,C1,14,12,0
0,P1,C1,15,12,0
0,P1,C1,16,12,0
0,P1,C1,17,12,0
0,P1,C1,18,12,0
0,P1,C1,19,12,0
0,P1,C1,20,12,0
0,P1,C1,21,12,0
0,P1,C1,22,12,0
0,P1,C1,23,4,1
0,P1,C1,24,9,1
0,P2,C1,1,12,0
0,P2,C1,2,12,0
0,P2,C1,3,12,0
0,P2,C1,4,12,0
0,P2,C1,5,12,0
0,P2,C1,6,12,0
0,P2,C1,7,12,0
0,P2,C1,8,12,0
0,P2,C1,9,12,0
0,P2,C1,10,12,0
0,P2,C1,11,12,0
0,P2,C1,12,12,0
0,P2,C1,13,12,0
0,P2,C1,14,12,0
0,P2,C1,15,12,0
0,P2,C1,16,12,0
0,P2,C1,17,12,0
0,P2,C1,18,12,0
0,P2,C1,19,12,0
0,P2,C1,20,12,0
0,P2,C1,21,12,0
0,P2,C1,22,12,0
0,P2,C1,23,12,0
0,P2,C1,24,12,0
0,P2,C1,25,12,0
0,P2,C1,26,12,0
0,P2,C1,27,12,0
0,P2,C1,28,12,0
0,P2,C1,29,12,0
0,P2,C1,30,12,0
0,P2,C1,31,12,0
0,P2,C1,32,12,0
0,P2,C1,33,12,0
0,P2,C1,34,12,0
0,P2,C1,35,12,0
0,P2,C1,36,12,0
0,P2,C1,37,12,0
0,P2,C1,38,12,0
0,P2,C1,39,12,0
0,P2,C1,40,11,1
5,P3,C1,1,12,0
5,P3,C1,2,12,0
5,P3,C1,3,12,0
5,P3,C1,4,12,0
5,P3,C1,5,12,0
5,P3,C1,6,12,0
5,P3,C1,7,12,0
5,P3,C1,8,12,0
5,P3,C1,9,12,0
5,P3,C1,10,12,0
5,P3,C1,11,12,0
5,P3,C1,12,12,0
5,P3,C1,13,12,0
5,P3,C1,14,12,0
5,P3,C1,15,12,0
5,P3,C1,16,12,0
5,P3,C1,17,12,0
5,P3,C1,18,12,0
5,P3,C1,19,12,0
5,P3,C1,20,12,0
5,P3,C1,21,12,0
5,P3,C1,22,12,0
5,P3,C1,23,12,0
5,P3,C1,24,12,0
5,P3,C1,25,12,0
5,P3,C1,26,12,0
5,P3,C1,27,12,0
5,P3,C1,28,12,0
5,P3,C1,29,12,0
5,P3,C1,30,12,0
5,P3,C1,31,12,0
5,P3,C1,32,12,0
5,P3,C1,33,12,0
5,P3,C1,34,12,0
5,P3,C1,35,12,0
5,P3,C1,36,12,0
5,P3,C1,37,12,0
5,P3,C1,38,12,0
5,P3,C1,39,1,1
5,P3,C1,40,1,1
50,P4,C1,1,12,0
50,P4,C1,2,12,0
50,P4,C1,3,12,0
50,P4,C1,4,12,0
50,P4,C1,5,12,0
50,P4,C1,6,12,0
50,P4,C1,7,12,0
50,P4,C1,8,12,0
50,P4,C1,9,12,0
50,P4,C1,10,12,0
50,P4,C1,11,12,0
50,P4,C1,12,12,0
50,P4,C1,13,12,0
50,P4,C1,14,12,0
50,P4,C1,15,12,0
50,P4,C1,16,12,0
50,P4,C1,17,12,0
50,P4,C1,18,12,0
50,P4,C1,19,12,0
50,P4,C1,20,12,0
50,P4,C1,21,12,0
50,P4,C1,22,12,0
50,P4,C1,23,12,0
50,P4,C1,24,12,0
50,P4,C1,25,12,0
50,P4,C1,26,12,0
50,P4,C1,27,12,0
50,P4,C1,28,12,0
50,P4,C1,29,12,0
50,P4,C1,30,12,0
50,P4,C1,31,12,0
50,P4,C1,32,12,0
50,P4,C1,33,12,0
50,P4,C1,34,1,1
50,P4,C1,35,5,1
50,P4,C1,36,6,1
50,P4,C1,37,7,1
50,P4,C1,38,7,1
50,P4,C1,39,8,1
50,P4,C1,40,9,1
0,P5,C2,1,12,0
0,P5,C2,2,12,0
0,P5,C2,3,12,0
0,P5,C2,4,12,0
0,P5,C2,5,12,0
0,P5,C2,6,12,0
0,P5,C2,7,12,0
0,P5,C2,8,12,0
0,P5,C2,9,12,0
0,P5,C2,10,12,0
0,P5,C2,11,12,0
0,P5,C2,12,12,0
0,P5,C2,13,12,0
0,P5,C2,14,12,0
0,P5,C2,15,12,0
0,P5,C2,16,12,0
0,P5,C2,17,12,0
0,P5,C2,18,12,0
0,P5,C2,19,12,0
0,P5,C2,20,12,0
0,P5,C2,21,12,0
0,P5,C2,22,12,0
0,P5,C2,23,12,0
0,P5,C2,24,1,1
0,P6,C2,1,12,0
0,P6,C2,2,12,0
0,P6,C2,3,12,0
0,P6,C2,4,12,0
0,P6,C2,5,12,0
0,P6,C2,6,12,0
0,P6,C2,7,12,0
0,P6,C2,8,12,0
0,P6,C2,9,12,0
0,P6,C2,10,12,0
0,P6,C2,11,12,0
0,P6,C2,12,12,0
0,P6,C2,13,12,0
0,P6,C2,14,12,0
0,P6,C2,15,12,0
0,P6,C2,16,12,0
0,P6,C2,17,12,0
0,P6,C2,18,12,0
0,P6,C2,19,12,0
0,P6,C2,20,12,0
0,P6,C2,21,12,0
0,P6,C2,22,12,0
0,P6,C2,23,12,0
0,P6,C2,24,12,0
0,P6,C2,25,12,0
0,P6,C2,26,12,0
0,P6,C2,27,12,0
0,P6,C2,28,12,0
0,P6,C2,29,12,0
0,P6,C2,30,12,0
0,P6,C2,31,12,0
0,P6,C2,32,12,0
0,P6,C2,33,12,0
0,P6,C2,34,12,0
0,P6,C2,35,12,0
0,P6,C2,36,12,0
0,P6,C2,37,12,0
0,P6,C2,38,12,0
0,P6,C2,39,12,0
0,P6,C2,40,12,0
5,P7,C2,1,12,0
5,P7,C2,2,12,0
5,P7,C2,3,12,0
5,P7,C2,4,12,0
5,P7,C2,5,12,0
5,P7,C2,6,12,0
5,P7,C2,7,12,0
5,P7,C2,8,12,0
5,P7,C2,9,12,0
5,P7,C2,10,12,0
5,P7,C2,11,12,0
5,P7,C2,12,12,0
5,P7,C2,13,12,0
5,P7,C2,14,12,0
5,P7,C2,15,12,0
5,P7,C2,16,12,0
5,P7,C2,17,12,0
5,P7,C2,18,12,0
5,P7,C2,19,12,0
5,P7,C2,20,12,0
5,P7,C2,21,12,0
5,P7,C2,22,12,0
5,P7,C2,23,12,0
5,P7,C2,24,12,0
5,P7,C2,25,12,0
5,P7,C2,26,12,0
5,P7,C2,27,12,0
5,P7,C2,28,12,0
5,P7,C2,29,12,0
5,P7,C2,30,12,0
5,P7,C2,31,12,0
5,P7,C2,32,12,0
5,P7,C2,33,12,0
5,P7,C2,34,12,0
5,P7,C2,35,12,0
5,P7,C2,36,12,0
5,P7,C2,37,12,0
5,P7,C2,38,12,0
5,P7,C2,39,12,0
5,P7,C2,40,3,1
50,P8,C2,1,12,0
50,P8,C2,2,12,0
50,P8,C2,3,12,0
50,P8,C2,4,12,0
50,P8,C2,5,12,0
50,P8,C2,6,12,0
50,P8,C2,7,12,0
50,P8,C2,8,12,0
50,P8,C2,9,12,0
50,P8,C2,10,12,0
50,P8,C2,11,12,0
50,P8,C2,12,12,0
50,P8,C2,13,12,0
50,P8,C2,14,12,0
50,P8,C2,15,12,0
50,P8,C2,16,12,0
50,P8,C2,17,12,0
50,P8,C2,18,12,0
50,P8,C2,19,12,0
50,P8,C2,20,5,1
50,P8,C2,21,5,1
50,P8,C2,22,5,1
50,P8,C2,23,5,1
50,P8,C2,24,5,1
50,P8,C2,25,6,1
50,P8,C2,26,6,1
50,P8,C2,27,6,1
50,P8,C2,28,6,1
50,P8,C2,29,6,1
50,P8,C2,30,6,1
50,P8,C2,31,6,1
50,P8,C2,32,6,1
50,P8,C2,33,6,1
50,P8,C2,34,7,1
50,P8,C2,35,7,1
50,P8,C2,36,7,1
50,P8,C2,37,8,1
50,P8,C2,38,8,1
50,P8,C2,39,10,1
50,P8,C2,40,11,1
0,P9,C3,1,12,0
0,P9,C3,2,12,0
0,P9,C3,3,12,0
0,P9,C3,4,12,0
0,P9,C3,5,12,0
0,P9,C3,6,12,0
0,P9,C3,7,12,0
0,P9,C3,8,12,0
0,P9,C3,9,12,0
0,P9,C3,10,12,0
0,P9,C3,11,12,0
0,P9,C3,12,12,0
0,P9,C3,13,12,0
0,P9,C3,14,12,0
0,P9,C3,15,12,0
0,P9,C3,16,12,0
0,P9,C3,17,12,0
0,P9,C3,18,12,0
0,P9,C3,19,12,0
0,P9,C3,20,12,0
0,P9,C3,21,12,0
0,P9,C3,22,12,0
0,P9,C3,23,12,0
0,P9,C3,24,11,1
0,P10,C3,1,12,0
0,P10,C3,2,12,0
0,P10,C3,3,12,0
0,P10,C3,4,12,0
0,P10,C3,5,12,0
0,P10,C3,6,12,0
0,P10,C3,7,12,0
0,P10,C3,8,12,0
0,P10,C3,9,12,0
0,P10,C3,10,12,0
0,P10,C3,11,12,0
0,P10,C3,12,12,0
0,P10,C3,13,12,0
0,P10,C3,14,12,0
0,P10,C3,15,12,0
0,P10,C3,16,12,0
0,P10,C3,17,12,0
0,P10,C3,18,12,0
0,P10,C3,19,12,0
0,P10,C3,20,12,0
0,P10,C3,21,12,0
0,P10,C3,22,12,0
0,P10,C3,23,12,0
0,P10,C3,24,12,0
0,P10,C3,25,12,0
0,P10,C3,26,12,0
0,P10,C3,27,12,0
0,P10,C3,28,12,0
0,P10,C3,29,12,0
0,P10,C3,30,12,0
0,P10,C3,31,12,0
0,P10,C3,32,12,0
0,P10,C3,33,12,0
0,P10,C3,34,12,0
0,P10,C3,35,12,0
0,P10,C3,36,12,0
0,P10,C3,37,12,0
0,P10,C3,38,12,0
0,P10,C3,39,12,0
0,P10,C3,40,2,1
5,P11,C3,1,12,0
5,P11,C3,2,12,0
5,P11,C3,3,12,0
5,P11,C3,4,12,0
5,P11,C3,5,12,0
5,P11,C3,6,12,0
5,P11,C3,7,12,0
5,P11,C3,8,12,0
5,P11,C3,9,12,0
5,P11,C3,10,12,0
5,P11,C3,11,12,0
5,P11,C3,12,12,0
5,P11,C3,13,12,0
5,P11,C3,14,12,0
5,P11,C3,15,12,0
5,P11,C3,16,12,0
5,P11,C3,17,12,0
5,P11,C3,18,12,0
5,P11,C3,19,12,0
5,P11,C3,20,12,0
5,P11,C3,21,12,0
5,P11,C3,22,12,0
5,P11,C3,23,12,0
5,P11,C3,24,12,0
5,P11,C3,25,12,0
5,P11,C3,26,12,0
5,P11,C3,27,12,0
5,P11,C3,28,12,0
5,P11,C3,29,12,0
5,P11,C3,30,12,0
5,P11,C3,31,12,0
5,P11,C3,32,12,0
5,P11,C3,33,12,0
5,P11,C3,34,12,0
5,P11,C3,35,12,0
5,P11,C3,36,12,0
5,P11,C3,37,12,0
5,P11,C3,38,12,0
5,P11,C3,39,10,1
5,P11,C3,40,7,1
50,P12,C3,1,12,0
50,P12,C3,2,12,0
50,P12,C3,3,12,0
50,P12,C3,4,12,0
50,P12,C3,5,12,0
50,P12,C3,6,12,0
50,P12,C3,7,12,0
50,P12,C3,8,12,0
50,P12,C3,9,12,0
50,P12,C3,10,12,0
50,P12,C3,11,12,0
50,P12,C3,12,12,0
50,P12,C3,13,12,0
50,P12,C3,14,12,0
50,P12,C3,15,12,0
50,P12,C3,16,12,0
50,P12,C3,17,12,0
50,P12,C3,18,12,0
50,P12,C3,19,12,0
50,P12,C3,20,12,0
50,P12,C3,21,12,0
50,P12,C3,22,12,0
50,P12,C3,23,12,0
50,P12,C3,24,12,0
50,P12,C3,25,12,0
50,P12,C3,26,12,0
50,P12,C3,27,12,0
50,P12,C3,28,12,0
50,P12,C3,29,12,0
50,P12,C3,30,12,0
50,P12,C3,31,12,0
50,P12,C3,32,12,0
50,P12,C3,33,12,0
50,P12,C3,34,1,1
50,P12,C3,35,1,1
50,P12,C3,36,2,1
50,P12,C3,37,3,1
50,P12,C3,38,4,1
50,P12,C3,39,4,1
50,P12,C3,40,8,1
0,P13,C4,1,12,0
0,P13,C4,2,12,0
0,P13,C4,3,12,0
0,P13,C4,4,12,0
0,P13,C4,5,12,0
0,P13,C4,6,12,0
0,P13,C4,7,12,0
0,P13,C4,8,12,0
0,P13,C4,9,12,0
0,P13,C4,10,12,0
0,P13,C4,11,12,0
0,P13,C4,12,12,0
0,P13,C4,13,12,0
0,P13,C4,14,12,0
0,P13,C4,15,12,0
0,P13,C4,16,12,0
0,P13,C4,17,12,0
0,P13,C4,18,12,0
0,P13,C4,19,12,0
0,P13,C4,20,12,0
0,P13,C4,21,12,0
0,P13,C4,22,12,0
0,P13,C4,23,12,0
0,P13,C4,24,2,1
0,P14,C4,1,12,0
0,P14,C4,2,12,0
0,P14,C4,3,12,0
0,P14,C4,4,12,0
0,P14,C4,5,12,0
0,P14,C4,6,12,0
0,P14,C4,7,12,0
0,P14,C4,8,12,0
0,P14,C4,9,12,0
0,P14,C4,10,12,0
0,P14,C4,11,12,0
0,P14,C4,12,12,0
0,P14,C4,13,12,0
0,P14,C4,14,12,0
0,P14,C4,15,12,0
0,P14,C4,16,12,0
0,P14,C4,17,12,0
0,P14,C4,18,12,0
0,P14,C4,19,12,0
0,P14,C4,20,12,0
0,P14,C4,21,12,0
0,P14,C4,22,12,0
0,P14,C4,23,12,0
0,P14,C4,24,12,0
0,P14,C4,25,12,0
0,P14,C4,26,12,0
0,P14,C4,27,12,0
0,P14,C4,28,12,0
0,P14,C4,29,12,0
0,P14,C4,30,12,0
0,P14,C4,31,12,0
0,P14,C4,32,12,0
0,P14,C4,33,12,0
0,P14,C4,34,12,0
0,P14,C4,35,12,0
0,P14,C4,36,12,0
0,P14,C4,37,12,0
0,P14,C4,38,12,0
0,P14,C4,39,9,1
0,P14,C4,40,12,1
5,P15,C4,1,12,0
5,P15,C4,2,12,0
5,P15,C4,3,12,0
5,P15,C4,4,12,0
5,P15,C4,5,12,0
5,P15,C4,6,12,0
5,P15,C4,7,12,0
5,P15,C4,8,12,0
5,P15,C4,9,12,0
5,P15,C4,10,12,0
5,P15,C4,11,12,0
5,P15,C4,12,12,0
5,P15,C4,13,12,0
5,P15,C4,14,12,0
5,P15,C4,15,12,0
5,P15,C4,16,12,0
5,P15,C4,17,12,0
5,P15,C4,18,12,0
5,P15,C4,19,12,0
5,P15,C4,20,12,0
5,P15,C4,21,12,0
5,P15,C4,22,12,0
5,P15,C4,23,12,0
5,P15,C4,24,12,0
5,P15,C4,25,12,0
5,P15,C4,26,12,0
5,P15,C4,27,12,0
5,P15,C4,28,12,0
5,P15,C4,29,12,0
5,P15,C4,30,12,0
5,P15,C4,31,12,0
5,P15,C4,32,12,0
5,P15,C4,33,12,0
5,P15,C4,34,12,0
5,P15,C4,35,12,0
5,P15,C4,36,12,0
5,P15,C4,37,12,0
5,P15,C4,38,12,0
5,P15,C4,39,7,1
5,P15,C4,40,11,1
50,P16,C4,1,12,0
50,P16,C4,2,12,0
50,P16,C4,3,12,0
50,P16,C4,4,12,0
50,P16,C4,5,12,0
50,P16,C4,6,12,0
50,P16,C4,7,12,0
50,P16,C4,8,12,0
50,P16,C4,9,12,0
50,P16,C4,10,12,0
50,P16,C4,11,12,0
50,P16,C4,12,12,0
50,P16,C4,13,12,0
50,P16,C4,14,12,0
50,P16,C4,15,12,0
50,P16,C4,16,12,0
50,P16,C4,17,12,0
50,P16,C4,18,12,0
50,P16,C4,19,12,0
50,P16,C4,20,12,0
50,P16,C4,21,12,0
50,P16,C4,22,12,0
50,P16,C4,23,12,0
50,P16,C4,24,12,0
50,P16,C4,25,12,0
50,P16,C4,26,1,1
50,P16,C4,27,2,1
50,P16,C4,28,3,1
50,P16,C4,29,3,1
50,P16,C4,30,4,1
50,P16,C4,31,4,1
50,P16,C4,32,4,1
50,P16,C4,33,5,1
50,P16,C4,34,5,1
50,P16,C4,35,6,1
50,P16,C4,36,6,1
50,P16,C4,37,7,1
50,P16,C4,38,7,1
50,P16,C4,39,7,1
50,P16,C4,40,12,1
0,P17,C5,1,12,0
0,P17,C5,2,12,0
0,P17,C5,3,12,0
0,P17,C5,4,12,0
0,P17,C5,5,12,0
0,P17,C5,6,12,0
0,P17,C5,7,12,0
0,P17,C5,8,12,0
0,P17,C5,9,12,0
0,P17,C5,10,12,0
0,P17,C5,11,12,0
0,P17,C5,12,12,0
0,P17,C5,13,12,0
0,P17,C5,14,12,0
0,P17,C5,15,12,0
0,P17,C5,16,12,0
0,P17,C5,17,12,0
0,P17,C5,18,12,0
0,P17,C5,19,12,0
0,P17,C5,20,12,0
0,P17,C5,21,12,0
0,P17,C5,22,12,0
0,P17,C5,23,12,0
0,P17,C5,24,5,1
0,P18,C5,1,12,0
0,P18,C5,2,12,0
0,P18,C5,3,12,0
0,P18,C5,4,12,0
0,P18,C5,5,12,0
0,P18,C5,6,12,0
0,P18,C5,7,12,0
0,P18,C5,8,12,0
0,P18,C5,9,12,0
0,P18,C5,10,12,0
0,P18,C5,11,12,0
0,P18,C5,12,12,0
0,P18,C5,13,12,0
0,P18,C5,14,12,0
0,P18,C5,15,12,0
0,P18,C5,16,12,0
0,P18,C5,17,12,0
0,P18,C5,18,12,0
0,P18,C5,19,12,0
0,P18,C5,20,12,0
0,P18,C5,21,12,0
0,P18,C5,22,12,0
0,P18,C5,23,12,0
0,P18,C5,24,12,0
0,P18,C5,25,12,0
0,P18,C5,26,12,0
0,P18,C5,27,12,0
0,P18,C5,28,12,0
0,P18,C5,29,12,0
0,P18,C5,30,12,0
0,P18,C5,31,12,0
0,P18,C5,32,12,0
0,P18,C5,33,12,0
0,P18,C5,34,12,0
0,P18,C5,35,12,0
0,P18,C5,36,12,0
0,P18,C5,37,12,0
0,P18,C5,38,12,0
0,P18,C5,39,12,0
0,P18,C5,40,12,1
5,P19,C5,1,12,0
5,P19,C5,2,12,0
5,P19,C5,3,12,0
5,P19,C5,4,12,0
5,P19,C5,5,12,0
5,P19,C5,6,12,0
5,P19,C5,7,12,0
5,P19,C5,8,12,0
5,P19,C5,9,12,0
5,P19,C5,10,12,0
5,P19,C5,11,12,0
5,P19,C5,12,12,0
5,P19,C5,13,12,0
5,P19,C5,14,12,0
5,P19,C5,15,12,0
5,P19,C5,16,12,0
5,P19,C5,17,12,0
5,P19,C5,18,12,0
5,P19,C5,19,12,0
5,P19,C5,20,12,0
5,P19,C5,21,12,0
5,P19,C5,22,12,0
5,P19,C5,23,12,0
5,P19,C5,24,12,0
5,P19,C5,25,12,0
5,P19,C5,26,12,0
5,P19,C5,27,12,0
5,P19,C5,28,12,0
5,P19,C5,29,12,0
5,P19,C5,30,12,0
5,P19,C5,31,12,0
5,P19,C5,32,12,0
5,P19,C5,33,12,0
5,P19,C5,34,12,0
5,P19,C5,35,12,0
5,P19,C5,36,12,0
5,P19,C5,37,12,0
5,P19,C5,38,7,1
5,P19,C5,39,7,1
5,P19,C5,40,9,1
50,P20,C5,1,12,0
50,P20,C5,2,12,0
50,P20,C5,3,12,0
50,P20,C5,4,12,0
50,P20,C5,5,12,0
50,P20,C5,6,12,0
50,P20,C5,7,12,0
50,P20,C5,8,12,0
50,P20,C5,9,12,0
50,P20,C5,10,12,0
50,P20,C5,11,12,0
50,P20,C5,12,12,0
50,P20,C5,13,12,0
50,P20,C5,14,12,0
50,P20,C5,15,12,0
50,P20,C5,16,12,0
50,P20,C5,17,12,0
50,P20,C5,18,12,0
50,P20,C5,19,12,0
50,P20,C5,20,12,0
50,P20,C5,21,12,0
50,P20,C5,22,12,0
50,P20,C5,23,12,0
50,P20,C5,24,12,0
50,P20,C5,25,12,0
50,P20,C5,26,12,0
50,P20,C5,27,2,1
50,P20,C5,28,3,1
50,P20,C5,29,3,1
50,P20,C5,30,3,1
50,P20,C5,31,3,1
50,P20,C5,32,3,1
50,P20,C5,33,4,1
50,P20,C5,34,4,1
50,P20,C5,35,5,1
50,P20,C5,36,5,1
50,P20,C5,37,5,1
50,P20,C5,38,6,1
50,P20,C5,39,8,1
50,P20,C5,40,9,1
0,P21,C6,1,12,0
0,P21,C6,2,12,0
0,P21,C6,3,12,0
0,P21,C6,4,12,0
0,P21,C6,5,12,0
0,P21,C6,6,12,0
0,P21,C6,7,12,0
0,P21,C6,8,12,0
0,P21,C6,9,12,0
0,P21,C6,10,12,0
0,P21,C6,11,12,0
0,P21,C6,12,12,0
0,P21,C6,13,12,0
0,P21,C6,14,12,0
0,P21,C6,15,12,0
0,P21,C6,16,12,0
0,P21,C6,17,12,0
0,P21,C6,18,12,0
0,P21,C6,19,12,0
0,P21,C6,20,12,0
0,P21,C6,21,12,0
0,P21,C6,22,12,0
0,P21,C6,23,12,0
0,P21,C6,24,9,1
0,P22,C6,1,12,0
0,P22,C6,2,12,0
0,P22,C6,3,12,0
0,P22,C6,4,12,0
0,P22,C6,5,12,0
0,P22,C6,6,12,0
0,P22,C6,7,12,0
0,P22,C6,8,12,0
0,P22,C6,9,12,0
0,P22,C6,10,12,0
0,P22,C6,11,12,0
0,P22,C6,12,12,0
0,P22,C6,13,12,0
0,P22,C6,14,12,0
0,P22,C6,15,12,0
0,P22,C6,16,12,0
0,P22,C6,17,12,0
0,P22,C6,18,12,0
0,P22,C6,19,12,0
0,P22,C6,20,12,0
0,P22,C6,21,12,0
0,P22,C6,22,12,0
0,P22,C6,23,12,0
0,P22,C6,24,12,0
0,P22,C6,25,12,0
0,P22,C6,26,12,0
0,P22,C6,27,12,0
0,P22,C6,28,12,0
0,P22,C6,29,12,0
0,P22,C6,30,12,0
0,P22,C6,31,12,0
0,P22,C6,32,12,0
0,P22,C6,33,12,0
0,P22,C6,34,12,0
0,P22,C6,35,12,0
0,P22,C6,36,12,0
0,P22,C6,37,12,0
0,P22,C6,38,6,1
0,P22,C6,39,7,1
0,P22,C6,40,12,1
5,P23,C6,1,12,0
5,P23,C6,2,12,0
5,P23,C6,3,12,0
5,P23,C6,4,12,0
5,P23,C6,5,12,0
5,P23,C6,6,12,0
5,P23,C6,7,12,0
5,P23,C6,8,12,0
5,P23,C6,9,12,0
5,P23,C6,10,12,0
5,P23,C6,11,12,0
5,P23,C6,12,12,0
5,P23,C6,13,12,0
5,P23,C6,14,12,0
5,P23,C6,15,12,0
5,P23,C6,16,12,0
5,P23,C6,17,12,0
5,P23,C6,18,12,0
5,P23,C6,19,12,0
5,P23,C6,20,12,0
5,P23,C6,21,12,0
5,P23,C6,22,12,0
5,P23,C6,23,12,0
5,P23,C6,24,12,0
5,P23,C6,25,12,0
5,P23,C6,26,12,0
5,P23,C6,27,12,0
5,P23,C6,28,12,0
5,P23,C6,29,12,0
5,P23,C6,30,12,0
5,P23,C6,31,12,0
5,P23,C6,32,12,0
5,P23,C6,33,12,0
5,P23,C6,34,12,0
5,P23,C6,35,12,0
5,P23,C6,36,12,0
5,P23,C6,37,12,0
5,P23,C6,38,12,0
5,P23,C6,39,4,1
5,P23,C6,40,11,1
50,P24,C6,1,12,0
50,P24,C6,2,12,0
50,P24,C6,3,12,0
50,P24,C6,4,12,0
50,P24,C6,5,12,0
50,P24,C6,6,12,0
50,P24,C6,7,12,0
50,P24,C6,8,12,0
50,P24,C6,9,12,0
50,P24,C6,10,12,0
50,P24,C6,11,12,0
50,P24,C6,12,12,0
50,P24,C6,13,12,0
50,P24,C6,14,12,0
50,P24,C6,15,12,0
50,P24,C6,16,12,0
50,P24,C6,17,12,0
50,P24,C6,18,12,0
50,P24,C6,19,12,0
50,P24,C6,20,12,0
50,P24,C6,21,3,1
50,P24,C6,22,3,1
50,P24,C6,23,3,1
50,P24,C6,24,3,1
50,P24,C6,25,4,1
50,P24,C6,26,4,1
50,P24,C6,27,4,1
50,P24,C6,28,4,1
50,P24,C6,29,5,1
50,P24,C6,30,5,1
50,P24,C6,31,5,1
50,P24,C6,32,5,1
50,P24,C6,33,6,1
50,P24,C6,34,6,1
50,P24,C6,35,7,1
50,P24,C6,36,7,1
50,P24,C6,37,7,1
50,P24,C6,38,10,1
50,P24,C6,39,11,1
50,P24,C6,40,11,1
0,P25,C7,1,12,0
0,P25,C7,2,12,0
0,P25,C7,3,12,0
0,P25,C7,4,12,0
0,P25,C7,5,12,0
0,P25,C7,6,12,0
0,P25,C7,7,12,0
0,P25,C7,8,12,0
0,P25,C7,9,12,0
0,P25,C7,10,12,0
0,P25,C7,11,12,0
0,P25,C7,12,12,0
0,P25,C7,13,12,0
0,P25,C7,14,12,0
0,P25,C7,15,12,0
0,P25,C7,16,12,0
0,P25,C7,17,12,0
0,P25,C7,18,12,0
0,P25,C7,19,12,0
0,P25,C7,20,12,0
0,P25,C7,21,12,0
0,P25,C7,22,12,0
0,P25,C7,23,12,0
0,P25,C7,24,4,1
0,P26,C7,1,12,0
0,P26,C7,2,12,0
0,P26,C7,3,12,0
0,P26,C7,4,12,0
0,P26,C7,5,12,0
0,P26,C7,6,12,0
0,P26,C7,7,12,0
0,P26,C7,8,12,0
0,P26,C7,9,12,0
0,P26,C7,10,12,0
0,P26,C7,11,12,0
0,P26,C7,12,12,0
0,P26,C7,13,12,0
0,P26,C7,14,12,0
0,P26,C7,15,12,0
0,P26,C7,16,12,0
0,P26,C7,17,12,0
0,P26,C7,18,12,0
0,P26,C7,19,12,0
0,P26,C7,20,12,0
0,P26,C7,21,12,0
0,P26,C7,22,12,0
0,P26,C7,23,12,0
0,P26,C7,24,12,0
0,P26,C7,25,12,0
0,P26,C7,26,12,0
0,P26,C7,27,12,0
0,P26,C7,28,12,0
0,P26,C7,29,12,0
0,P26,C7,30,12,0
0,P26,C7,31,12,0
0,P26,C7,32,12,0
0,P26,C7,33,12,0
0,P26,C7,34,12,0
0,P26,C7,35,12,0
0,P26,C7,36,12,0
0,P26,C7,37,12,0
0,P26,C7,38,12,0
0,P26,C7,39,12,0
0,P26,C7,40,12,0
5,P27,C7,1,12,0
5,P27,C7,2,12,0
5,P27,C7,3,12,0
5,P27,C7,4,12,0
5,P27,C7,5,12,0
5,P27,C7,6,12,0
5,P27,C7,7,12,0
5,P27,C7,8,12,0
5,P27,C7,9,12,0
5,P27,C7,10,12,0
5,P27,C7,11,12,0
5,P27,C7,12,12,0
5,P27,C7,13,12,0
5,P27,C7,14,12,0
5,P27,C7,15,12,0
5,P27,C7,16,12,0
5,P27,C7,17,12,0
5,P27,C7,18,12,0
5,P27,C7,19,12,0
5,P27,C7,20,12,0
5,P27,C7,21,12,0
5,P27,C7,22,12,0
5,P27,C7,23,12,0
5,P27,C7,24,12,0
5,P27,C7,25,12,0
5,P27,C7,26,12,0
5,P27,C7,27,12,0
5,P27,C7,28,12,0
5,P27,C7,29,12,0
5,P27,C7,30,12,0
5,P27,C7,31,12,0
5,P27,C7,32,12,0
5,P27,C7,33,12,0
5,P27,C7,34,12,0
5,P27,C7,35,12,0
5,P27,C7,36,12,0
5,P27,C7,37,12,0
5,P27,C7,38,12,0
5,P27,C7,39,12,0
5,P27,C7,40,12,1
50,P28,C7,1,12,0
50,P28,C7,2,12,0
50,P28,C7,3,12,0
50,P28,C7,4,12,0
50,P28,C7,5,12,0
50,P28,C7,6,12,0
50,P28,C7,7,12,0
50,P28,C7,8,12,0
50,P28,C7,9,12,0
50,P28,C7,10,12,0
50,P28,C7,11,12,0
50,P28,C7,12,12,0
50,P28,C7,13,12,0
50,P28,C7,14,12,0
50,P28,C7,15,12,0
50,P28,C7,16,12,0
50,P28,C7,17,12,0
50,P28,C7,18,12,0
50,P28,C7,19,12,0
50,P28,C7,20,12,0
50,P28,C7,21,12,0
50,P28,C7,22,12,0
50,P28,C7,23,12,0
50,P28,C7,24,12,0
50,P28,C7,25,12,0
50,P28,C7,26,12,0
50,P28,C7,27,12,0
50,P28,C7,28,12,0
50,P28,C7,29,3,1
50,P28,C7,30,4,1
50,P28,C7,31,5,1
50,P28,C7,32,5,1
50,P28,C7,33,7,1
50,P28,C7,34,8,1
50,P28,C7,35,9,1
50,P28,C7,36,10,1
50,P28,C7,37,10,1
50,P28,C7,38,11,1
50,P28,C7,39,11,1
50,P28,C7,40,11,1
0,P29,C8,1,12,0
0,P29,C8,2,12,0
0,P29,C8,3,12,0
0,P29,C8,4,12,0
0,P29,C8,5,12,0
0,P29,C8,6,12,0
0,P29,C8,7,12,0
0,P29,C8,8,12,0
0,P29,C8,9,12,0
0,P29,C8,10,12,0
0,P29,C8,11,12,0
0,P29,C8,12,12,0
0,P29,C8,13,12,0
0,P29,C8,14,12,0
0,P29,C8,15,12,0
0,P29,C8,16,12,0
0,P29,C8,17,12,0
0,P29,C8,18,12,0
0,P29,C8,19,12,0
0,P29,C8,20,12,0
0,P29,C8,21,12,0
0,P29,C8,22,12,0
0,P29,C8,23,12,0
0,P29,C8,24,11,1
0,P30,C8,1,12,0
0,P30,C8,2,12,0
0,P30,C8,3,12,0
0,P30,C8,4,12,0
0,P30,C8,5,12,0
0,P30,C8,6,12,0
0,P30,C8,7,12,0
0,P30,C8,8,12,0
0,P30,C8,9,12,0
0,P30,C8,10,12,0
0,P30,C8,11,12,0
0,P30,C8,12,12,0
0,P30,C8,13,12,0
0,P30,C8,14,12,0
0,P30,C8,15,12,0
0,P30,C8,16,12,0
0,P30,C8,17,12,0
0,P30,C8,18,12,0
0,P30,C8,19,12,0
0,P30,C8,20,12,0
0,P30,C8,21,12,0
0,P30,C8,22,12,0
0,P30,C8,23,12,0
0,P30,C8,24,12,0
0,P30,C8,25,12,0
0,P30,C8,26,12,0
0,P30,C8,27,12,0
0,P30,C8,28,12,0
0,P30,C8,29,12,0
0,P30,C8,30,12,0
0,P30,C8,31,12,0
0,P30,C8,32,12,0
0,P30,C8,33,12,0
0,P30,C8,34,12,0
0,P30,C8,35,12,0
0,P30,C8,36,12,0
0,P30,C8,37,12,0
0,P30,C8,38,12,0
0,P30,C8,39,12,0
0,P30,C8,40,12,0
5,P31,C8,1,12,0
5,P31,C8,2,12,0
5,P31,C8,3,12,0
5,P31,C8,4,12,0
5,P31,C8,5,12,0
5,P31,C8,6,12,0
5,P31,C8,7,12,0
5,P31,C8,8,12,0
5,P31,C8,9,12,0
5,P31,C8,10,12,0
5,P31,C8,11,12,0
5,P31,C8,12,12,0
5,P31,C8,13,12,0
5,P31,C8,14,12,0
5,P31,C8,15,12,0
5,P31,C8,16,12,0
5,P31,C8,17,12,0
5,P31,C8,18,12,0
5,P31,C8,19,12,0
5,P31,C8,20,12,0
5,P31,C8,21,12,0
5,P31,C8,22,12,0
5,P31,C8,23,12,0
5,P31,C8,24,12,0
5,P31,C8,25,12,0
5,P31,C8,26,12,0
5,P31,C8,27,12,0
5,P31,C8,28,12,0
5,P31,C8,29,12,0
5,P31,C8,30,12,0
5,P31,C8,31,12,0
5,P31,C8,32,12,0
5,P31,C8,33,12,0
5,P31,C8,34,12,0
5,P31,C8,35,9,1
5,P31,C8,36,10,1
5,P31,C8,37,10,1
5,P31,C8,38,10,1
5,P31,C8,39,11,1
5,P31,C8,40,12,1
50,P32,C8,1,12,0
50,P32,C8,2,12,0
50,P32,C8,3,12,0
50,P32,C8,4,12,0
50,P32,C8,5,12,0
50,P32,C8,6,12,0
50,P32,C8,7,12,0
50,P32,C8,8,12,0
50,P32,C8,9,12,0
50,P32,C8,10,12,0
50,P32,C8,11,12,0
50,P32,C8,12,12,0
50,P32,C8,13,12,0
50,P32,C8,14,12,0
50,P32,C8,15,12,0
50,P32,C8,16,12,0
50,P32,C8,17,12,0
50,P32,C8,18,12,0
50,P32,C8,19,12,0
50,P32,C8,20,12,0
50,P32,C8,21,12,0
50,P32,C8,22,12,0
50,P32,C8,23,12,0
50,P32,C8,24,12,0
50,P32,C8,25,12,0
50,P32,C8,26,12,0
50,P32,C8,27,12,0
50,P32,C8,28,12,0
50,P32,C8,29,12,0
50,P32,C8,30,12,0
50,P32,C8,31,12,0
50,P32,C8,32,12,0
50,P32,C8,33,12,0
50,P32,C8,34,3,1
50,P32,C8,35,4,1
50,P32,C8,36,5,1
50,P32,C8,37,5,1
50,P32,C8,38,8,1
50,P32,C8,39,11,1
50,P32,C8,40,12,1
